{
  "version": 3,
  "targets": {
    ".NETFramework,Version=v4.6.1": {
      "AvalonEdit/5.0.3": {
        "type": "package",
        "compile": {
          "lib/Net40/_._": {}
        },
        "runtime": {
          "lib/Net40/ICSharpCode.AvalonEdit.dll": {}
        }
      },
      "BitMiracle.Docotic.Pdf/5.2.8369": {
        "type": "package",
        "compile": {
          "lib/net40/_._": {}
        },
        "runtime": {
          "lib/net40/BitMiracle.Docotic.Pdf.dll": {}
        }
      },
      "BouncyCastle/1.8.1": {
        "type": "package",
        "compile": {
          "lib/_._": {}
        },
        "runtime": {
          "lib/BouncyCastle.Crypto.dll": {}
        }
      },
      "ClosedXML/0.87.1": {
        "type": "package",
        "dependencies": {
          "DocumentFormat.OpenXml": "2.5.0"
        },
        "compile": {
          "lib/net40/_._": {}
        },
        "runtime": {
          "lib/net40/ClosedXML.dll": {}
        }
      },
      "CredentialManagement/1.0.2": {
        "type": "package",
        "frameworkAssemblies": [
          "CredentialManagement"
        ],
        "compile": {
          "lib/net35/_._": {}
        },
        "runtime": {
          "lib/net35/CredentialManagement.dll": {}
        }
      },
      "CsvHelper/2.13.5": {
        "type": "package",
        "compile": {
          "lib/net40-client/_._": {}
        },
        "runtime": {
          "lib/net40-client/CsvHelper.dll": {}
        }
      },
      "DocumentFormat.OpenXml/2.5.0": {
        "type": "package",
        "compile": {
          "lib/_._": {}
        },
        "runtime": {
          "lib/DocumentFormat.OpenXml.dll": {}
        }
      },
      "DocX/1.0.0.18": {
        "type": "package",
        "compile": {
          "lib/net40/_._": {}
        },
        "runtime": {
          "lib/net40/DocX.dll": {}
        }
      },
      "Extended.Wpf.Toolkit/2.8.0": {
        "type": "package",
        "frameworkAssemblies": [
          "PresentationCore",
          "PresentationFramework",
          "System",
          "System.Xaml",
          "WindowsBase"
        ],
        "compile": {
          "lib/net40/_._": {}
        },
        "runtime": {
          "lib/net40/Xceed.Wpf.AvalonDock.Themes.Aero.dll": {},
          "lib/net40/Xceed.Wpf.AvalonDock.Themes.Metro.dll": {},
          "lib/net40/Xceed.Wpf.AvalonDock.Themes.VS2010.dll": {},
          "lib/net40/Xceed.Wpf.AvalonDock.dll": {},
          "lib/net40/Xceed.Wpf.DataGrid.dll": {},
          "lib/net40/Xceed.Wpf.Toolkit.dll": {}
        },
        "resource": {
          "lib/net40/de/Xceed.Wpf.AvalonDock.resources.dll": {
            "locale": "de"
          },
          "lib/net40/es/Xceed.Wpf.AvalonDock.resources.dll": {
            "locale": "es"
          },
          "lib/net40/fr/Xceed.Wpf.AvalonDock.resources.dll": {
            "locale": "fr"
          },
          "lib/net40/hu/Xceed.Wpf.AvalonDock.resources.dll": {
            "locale": "hu"
          },
          "lib/net40/it/Xceed.Wpf.AvalonDock.resources.dll": {
            "locale": "it"
          },
          "lib/net40/pt-BR/Xceed.Wpf.AvalonDock.resources.dll": {
            "locale": "pt-BR"
          },
          "lib/net40/ro/Xceed.Wpf.AvalonDock.resources.dll": {
            "locale": "ro"
          },
          "lib/net40/ru/Xceed.Wpf.AvalonDock.resources.dll": {
            "locale": "ru"
          },
          "lib/net40/sv/Xceed.Wpf.AvalonDock.resources.dll": {
            "locale": "sv"
          },
          "lib/net40/zh-Hans/Xceed.Wpf.AvalonDock.resources.dll": {
            "locale": "zh-Hans"
          }
        }
      },
      "Fluent.Ribbon/3.5.1.198": {
        "type": "package",
        "compile": {
          "lib/net45/_._": {}
        },
        "runtime": {
          "lib/net45/Fluent.dll": {},
          "lib/net45/System.Windows.Interactivity.dll": {}
        }
      },
      "FluentFTP/19.1.2": {
        "type": "package",
        "frameworkAssemblies": [
          "System",
          "System.Core",
          "System.Data",
          "System.Drawing",
          "System.IO.Compression.FileSystem",
          "System.Numerics",
          "System.Runtime.Serialization",
          "System.Web",
          "System.Xml",
          "System.Xml.Linq"
        ],
        "compile": {
          "lib/net45/_._": {}
        },
        "runtime": {
          "lib/net45/FluentFTP.dll": {}
        }
      },
      "Humanizer.Core/2.4.2": {
        "type": "package",
        "compile": {
          "lib/netstandard2.0/_._": {}
        },
        "runtime": {
          "lib/netstandard2.0/Humanizer.dll": {}
        }
      },
      "interop.domino.dll/1.0.0": {
        "type": "package",
        "compile": {
          "lib/_._": {}
        },
        "runtime": {
          "lib/Interop.Domino.dll": {}
        }
      },
      "Microsoft.Activities/1.0.1": {
        "type": "package",
        "compile": {
          "lib/net45/_._": {}
        },
        "runtime": {
          "lib/net45/Microsoft.Activities.Design.Services.dll": {},
          "lib/net45/Microsoft.Activities.Design.dll": {},
          "lib/net45/Microsoft.Activities.dll": {},
          "lib/net45/Microsoft.Workflow.Client.dll": {},
          "lib/net45/Microsoft.Workflow.Common.dll": {},
          "lib/net45/Microsoft.Workflow.Tracing.dll": {}
        }
      },
      "Microsoft.Activities.Extensions/2.0.6.9": {
        "type": "package",
        "frameworkAssemblies": [
          "System.Activities"
        ],
        "compile": {
          "lib/Net45/_._": {}
        },
        "runtime": {
          "lib/Net45/Microsoft.Activities.Extensions.Design.dll": {},
          "lib/Net45/Microsoft.Activities.Extensions.dll": {}
        }
      },
      "Microsoft.AspNet.SignalR.Client/2.4.0": {
        "type": "package",
        "dependencies": {
          "Newtonsoft.Json": "6.0.4"
        },
        "frameworkAssemblies": [
          "System.Net.Http",
          "System.Net.Http.WebRequest"
        ],
        "compile": {
          "lib/net45/_._": {}
        },
        "runtime": {
          "lib/net45/Microsoft.AspNet.SignalR.Client.dll": {}
        }
      },
      "Microsoft.Exchange.WebServices/2.2.0": {
        "type": "package",
        "compile": {
          "lib/40/_._": {}
        },
        "runtime": {
          "lib/40/Microsoft.Exchange.WebServices.Auth.dll": {},
          "lib/40/Microsoft.Exchange.WebServices.dll": {}
        }
      },
      "Microsoft.Rest.ClientRuntime/2.3.10": {
        "type": "package",
        "dependencies": {
          "Newtonsoft.Json": "6.0.8"
        },
        "compile": {
          "lib/net452/_._": {}
        },
        "runtime": {
          "lib/net452/Microsoft.Rest.ClientRuntime.dll": {}
        }
      },
      "Microsoft.VisualStudio.OLE.Interop/7.10.6071": {
        "type": "package",
        "compile": {
          "lib/_._": {}
        },
        "runtime": {
          "lib/Microsoft.VisualStudio.OLE.Interop.dll": {}
        }
      },
      "Newtonsoft.Json/11.0.2": {
        "type": "package",
        "compile": {
          "lib/net45/_._": {}
        },
        "runtime": {
          "lib/net45/Newtonsoft.Json.dll": {}
        }
      },
      "NPOI/2.4.1": {
        "type": "package",
        "dependencies": {
          "SharpZipLib": "1.0.0"
        },
        "compile": {
          "lib/net45/_._": {}
        },
        "runtime": {
          "lib/net45/NPOI.OOXML.dll": {},
          "lib/net45/NPOI.OpenXml4Net.dll": {},
          "lib/net45/NPOI.OpenXmlFormats.dll": {},
          "lib/net45/NPOI.dll": {}
        }
      },
      "RestSharp/106.3.1": {
        "type": "package",
        "frameworkAssemblies": [
          "System.Web"
        ],
        "compile": {
          "lib/net452/_._": {}
        },
        "runtime": {
          "lib/net452/RestSharp.dll": {}
        }
      },
      "SharpZipLib/1.0.0": {
        "type": "package",
        "compile": {
          "lib/net45/_._": {}
        },
        "runtime": {
          "lib/net45/ICSharpCode.SharpZipLib.dll": {}
        }
      },
      "SSH.NET/2016.1.0": {
        "type": "package",
        "compile": {
          "lib/net40/_._": {}
        },
        "runtime": {
          "lib/net40/Renci.SshNet.dll": {}
        }
      },
      "System.Management.Automation/6.1.7601.17515": {
        "type": "package",
        "compile": {
          "lib/net45/_._": {}
        },
        "runtime": {
          "lib/net45/System.Management.Automation.dll": {}
        }
      },
      "System.ValueTuple/4.5.0": {
        "type": "package",
        "frameworkAssemblies": [
          "System",
          "mscorlib"
        ],
        "compile": {
          "ref/net461/_._": {}
        },
        "runtime": {
          "lib/net461/System.ValueTuple.dll": {}
        }
      },
      "Twilio/3.6.18": {
        "type": "package",
        "dependencies": {
          "RestSharp": "(, )"
        },
        "compile": {
          "lib/3.5/_._": {}
        },
        "runtime": {
          "lib/3.5/Twilio.Api.dll": {}
        }
      },
      "Twilio.Workflow.Activities/1.0.0": {
        "type": "package",
        "dependencies": {
          "Twilio": "3.6.18"
        },
        "compile": {
          "lib/net40-Client/_._": {}
        },
        "runtime": {
          "lib/net40-Client/Twilio.Workflow.Activities.dll": {}
        }
      },
      "UiPath/19.5.7079.28746": {
        "type": "package",
        "compile": {
          "lib/_._": {}
        },
        "runtime": {
          "lib/UiPath.Interop.dll": {}
        },
        "build": {
          "build/_._": {}
        }
      },
      "UiPath.Cognitive.Activities/2.2.1": {
        "type": "package",
        "dependencies": {
          "Newtonsoft.Json": "11.0.2"
        },
        "compile": {
          "lib/net452/_._": {}
        },
        "runtime": {
          "lib/net452/UiPath.Cognitive.Activities.Design.dll": {},
          "lib/net452/UiPath.Cognitive.Activities.dll": {},
          "lib/net452/UiPath.Cognitive.dll": {}
        },
        "resource": {
          "lib/net452/fr/UiPath.Cognitive.Activities.Design.resources.dll": {
            "locale": "fr"
          },
          "lib/net452/fr/UiPath.Cognitive.Activities.resources.dll": {
            "locale": "fr"
          },
          "lib/net452/fr/UiPath.Cognitive.resources.dll": {
            "locale": "fr"
          },
          "lib/net452/ja/UiPath.Cognitive.Activities.Design.resources.dll": {
            "locale": "ja"
          },
          "lib/net452/ja/UiPath.Cognitive.Activities.resources.dll": {
            "locale": "ja"
          },
          "lib/net452/ja/UiPath.Cognitive.resources.dll": {
            "locale": "ja"
          },
          "lib/net452/ru/UiPath.Cognitive.Activities.Design.resources.dll": {
            "locale": "ru"
          },
          "lib/net452/ru/UiPath.Cognitive.Activities.resources.dll": {
            "locale": "ru"
          },
          "lib/net452/ru/UiPath.Cognitive.resources.dll": {
            "locale": "ru"
          }
        }
      },
      "UiPath.Credentials.Activities/1.1.6479.13204": {
        "type": "package",
        "dependencies": {
          "CredentialManagement": "1.0.2"
        },
        "compile": {
          "lib/net40-client/_._": {}
        },
        "runtime": {
          "lib/net40-client/UiPath.Credentials.Activities.dll": {}
        }
      },
      "UiPath.Database.Activities/1.2.6863.32528": {
        "type": "package",
        "compile": {
          "lib/net40-Client/_._": {}
        },
        "runtime": {
          "lib/net40-Client/Microsoft.Data.ConnectionUI.Dialog.dll": {},
          "lib/net40-Client/UiPath.Database.Activities.Design.dll": {},
          "lib/net40-Client/UiPath.Database.Activities.dll": {},
          "lib/net40-Client/UiPath.Database.dll": {}
        },
        "resource": {
          "lib/net40-Client/de/UiPath.Database.Activities.Design.resources.dll": {
            "locale": "de"
          },
          "lib/net40-Client/de/UiPath.Database.Activities.resources.dll": {
            "locale": "de"
          },
          "lib/net40-Client/de/UiPath.Database.resources.dll": {
            "locale": "de"
          },
          "lib/net40-Client/fr/UiPath.Database.Activities.Design.resources.dll": {
            "locale": "fr"
          },
          "lib/net40-Client/fr/UiPath.Database.Activities.resources.dll": {
            "locale": "fr"
          },
          "lib/net40-Client/fr/UiPath.Database.resources.dll": {
            "locale": "fr"
          },
          "lib/net40-Client/ja/UiPath.Database.Activities.Design.resources.dll": {
            "locale": "ja"
          },
          "lib/net40-Client/ja/UiPath.Database.Activities.resources.dll": {
            "locale": "ja"
          },
          "lib/net40-Client/ja/UiPath.Database.resources.dll": {
            "locale": "ja"
          }
        }
      },
      "UiPath.Excel.Activities/2.6.1": {
        "type": "package",
        "dependencies": {
          "ClosedXML": "0.87.1",
          "CsvHelper": "2.13.5",
          "DocumentFormat.OpenXml": "2.5.0",
          "Microsoft.VisualStudio.OLE.Interop": "7.10.6071",
          "NPOI": "2.4.1",
          "SharpZipLib": "1.0.0"
        },
        "compile": {
          "lib/net461/_._": {}
        },
        "runtime": {
          "lib/net461/UiPath.Excel.Activities.Design.dll": {},
          "lib/net461/UiPath.Excel.Activities.dll": {},
          "lib/net461/UiPath.Excel.dll": {}
        },
        "resource": {
          "lib/net461/fr/UiPath.Excel.Activities.Design.resources.dll": {
            "locale": "fr"
          },
          "lib/net461/fr/UiPath.Excel.Activities.resources.dll": {
            "locale": "fr"
          },
          "lib/net461/fr/UiPath.Excel.resources.dll": {
            "locale": "fr"
          },
          "lib/net461/ja/UiPath.Excel.Activities.Design.resources.dll": {
            "locale": "ja"
          },
          "lib/net461/ja/UiPath.Excel.Activities.resources.dll": {
            "locale": "ja"
          },
          "lib/net461/ja/UiPath.Excel.resources.dll": {
            "locale": "ja"
          },
          "lib/net461/ru/UiPath.Excel.Activities.Design.resources.dll": {
            "locale": "ru"
          },
          "lib/net461/ru/UiPath.Excel.Activities.resources.dll": {
            "locale": "ru"
          },
          "lib/net461/ru/UiPath.Excel.resources.dll": {
            "locale": "ru"
          }
        }
      },
      "UiPath.FTP.Activities/1.0.7053.27728": {
        "type": "package",
        "dependencies": {
          "FluentFTP": "19.1.2",
          "SSH.NET": "2016.1.0"
        },
        "compile": {
          "lib/net452/_._": {}
        },
        "runtime": {
          "lib/net452/UiPath.FTP.Activities.Design.dll": {},
          "lib/net452/UiPath.FTP.Activities.dll": {},
          "lib/net452/UiPath.FTP.dll": {}
        }
      },
      "UiPath.Mail.Activities/1.5.0": {
        "type": "package",
        "dependencies": {
          "BouncyCastle": "1.8.1",
          "Microsoft.Exchange.WebServices": "2.2.0",
          "interop.domino.dll": "1.0.0"
        },
        "compile": {
          "lib/net452/_._": {}
        },
        "runtime": {
          "lib/net452/MailKit.dll": {},
          "lib/net452/MimeKit.dll": {},
          "lib/net452/UiPath.Mail.Activities.Design.dll": {},
          "lib/net452/UiPath.Mail.Activities.dll": {},
          "lib/net452/UiPath.Mail.dll": {}
        },
        "resource": {
          "lib/net452/fr/UiPath.Mail.Activities.Design.resources.dll": {
            "locale": "fr"
          },
          "lib/net452/fr/UiPath.Mail.Activities.resources.dll": {
            "locale": "fr"
          },
          "lib/net452/fr/UiPath.Mail.resources.dll": {
            "locale": "fr"
          },
          "lib/net452/ja/UiPath.Mail.Activities.Design.resources.dll": {
            "locale": "ja"
          },
          "lib/net452/ja/UiPath.Mail.Activities.resources.dll": {
            "locale": "ja"
          },
          "lib/net452/ja/UiPath.Mail.resources.dll": {
            "locale": "ja"
          },
          "lib/net452/ru/UiPath.Mail.Activities.Design.resources.dll": {
            "locale": "ru"
          },
          "lib/net452/ru/UiPath.Mail.Activities.resources.dll": {
            "locale": "ru"
          },
          "lib/net452/ru/UiPath.Mail.resources.dll": {
            "locale": "ru"
          }
        }
      },
      "UiPath.OCR.Activities/1.0.5714.22559": {
        "type": "package",
        "compile": {
          "lib/net40-Client/_._": {}
        },
        "runtime": {
          "lib/net40-Client/AbbyyOnlineSdk.dll": {},
          "lib/net40-Client/UiPath.OCR.Activities.dll": {}
        }
      },
      "UiPath.OCR.Contracts/1.0.0": {
        "type": "package",
        "compile": {
          "lib/net45/_._": {}
        },
        "runtime": {
          "lib/net45/UiPath.OCR.Contracts.dll": {}
        }
      },
      "UiPath.PDF.Activities/2.0.0": {
        "type": "package",
        "dependencies": {
          "BitMiracle.Docotic.Pdf": "5.2.8369",
          "System.ValueTuple": "4.5.0"
        },
        "compile": {
          "lib/net461/_._": {}
        },
        "runtime": {
          "lib/net461/UiPath.PDF.Activities.Design.dll": {},
          "lib/net461/UiPath.PDF.Activities.dll": {},
          "lib/net461/UiPath.PDF.dll": {}
        },
        "resource": {
          "lib/net461/fr/UiPath.PDF.Activities.Design.resources.dll": {
            "locale": "fr"
          },
          "lib/net461/fr/UiPath.PDF.Activities.resources.dll": {
            "locale": "fr"
          },
          "lib/net461/fr/UiPath.PDF.resources.dll": {
            "locale": "fr"
          },
          "lib/net461/ja/UiPath.PDF.Activities.Design.resources.dll": {
            "locale": "ja"
          },
          "lib/net461/ja/UiPath.PDF.Activities.resources.dll": {
            "locale": "ja"
          },
          "lib/net461/ja/UiPath.PDF.resources.dll": {
            "locale": "ja"
          },
          "lib/net461/ru/UiPath.PDF.Activities.Design.resources.dll": {
            "locale": "ru"
          },
          "lib/net461/ru/UiPath.PDF.Activities.resources.dll": {
            "locale": "ru"
          },
          "lib/net461/ru/UiPath.PDF.resources.dll": {
            "locale": "ru"
          }
        }
      },
      "UiPath.Script.Activities/1.0.6710.16240": {
        "type": "package",
        "dependencies": {
          "System.Management.Automation": "6.1.7601.17515"
        },
        "compile": {
          "lib/net45/_._": {}
        },
        "runtime": {
          "lib/net45/AutoHotkey.Interop.dll": {},
          "lib/net45/UiPath.Script.Activities.Design.dll": {},
          "lib/net45/UiPath.Script.Activities.dll": {},
          "lib/net45/UiPath.Script.dll": {}
        }
      },
      "UiPath.System.Activities/19.5.0": {
        "type": "package",
        "dependencies": {
          "CsvHelper": "2.13.5",
          "Microsoft.AspNet.SignalR.Client": "2.4.0",
          "Microsoft.Rest.ClientRuntime": "2.3.10",
          "Newtonsoft.Json": "11.0.2"
        },
        "compile": {
          "lib/net461/_._": {}
        },
        "runtime": {
          "lib/net461/ActiproSoftware.Docking.Wpf.dll": {},
          "lib/net461/ActiproSoftware.Ribbon.Wpf.dll": {},
          "lib/net461/ActiproSoftware.Shared.Wpf.dll": {},
          "lib/net461/ActiproSoftware.SyntaxEditor.Addons.DotNet.Wpf.dll": {},
          "lib/net461/ActiproSoftware.SyntaxEditor.Wpf.dll": {},
          "lib/net461/ActiproSoftware.Text.Addons.DotNet.Wpf.dll": {},
          "lib/net461/ActiproSoftware.Text.LLParser.Wpf.dll": {},
          "lib/net461/ActiproSoftware.Text.Wpf.dll": {},
          "lib/net461/ActiproSoftware.Wizard.Wpf.dll": {},
          "lib/net461/CustomInputForm.exe": {},
          "lib/net461/UiPath.OrchestratorClient.dll": {},
          "lib/net461/UiPath.System.Activities.Design.dll": {},
          "lib/net461/UiPath.System.Activities.dll": {}
        },
        "resource": {
          "lib/net461/fr/UiPath.System.Activities.Design.resources.dll": {
            "locale": "fr"
          },
          "lib/net461/fr/UiPath.System.Activities.resources.dll": {
            "locale": "fr"
          },
          "lib/net461/ja/UiPath.System.Activities.Design.resources.dll": {
            "locale": "ja"
          },
          "lib/net461/ja/UiPath.System.Activities.resources.dll": {
            "locale": "ja"
          },
          "lib/net461/ru/UiPath.System.Activities.Design.resources.dll": {
            "locale": "ru"
          },
          "lib/net461/ru/UiPath.System.Activities.resources.dll": {
            "locale": "ru"
          }
        }
      },
      "UiPath.Terminal.Activities/1.3.1": {
        "type": "package",
        "dependencies": {
          "Fluent.Ribbon": "3.5.1.198"
        },
        "compile": {
          "lib/net452/_._": {}
        },
        "runtime": {
          "lib/net452/NLog.dll": {},
          "lib/net452/Open3270.dll": {},
          "lib/net452/UiPath.Terminal.Activities.Design.dll": {},
          "lib/net452/UiPath.Terminal.Activities.dll": {},
          "lib/net452/UiPath.Terminal.Attachmate.dll": {},
          "lib/net452/UiPath.Terminal.AttachmateExtra.dll": {},
          "lib/net452/UiPath.Terminal.BlueZone.dll": {},
          "lib/net452/UiPath.Terminal.Host.exe": {},
          "lib/net452/UiPath.Terminal.IBM.dll": {},
          "lib/net452/UiPath.Terminal.dll": {}
        },
        "resource": {
          "lib/net452/fr/UiPath.Terminal.Activities.Design.resources.dll": {
            "locale": "fr"
          },
          "lib/net452/fr/UiPath.Terminal.Activities.resources.dll": {
            "locale": "fr"
          },
          "lib/net452/fr/UiPath.Terminal.IBM.resources.dll": {
            "locale": "fr"
          },
          "lib/net452/fr/UiPath.Terminal.resources.dll": {
            "locale": "fr"
          },
          "lib/net452/ja/UiPath.Terminal.Activities.Design.resources.dll": {
            "locale": "ja"
          },
          "lib/net452/ja/UiPath.Terminal.Activities.resources.dll": {
            "locale": "ja"
          },
          "lib/net452/ja/UiPath.Terminal.IBM.resources.dll": {
            "locale": "ja"
          },
          "lib/net452/ja/UiPath.Terminal.resources.dll": {
            "locale": "ja"
          },
          "lib/net452/ru/UiPath.Terminal.Activities.Design.resources.dll": {
            "locale": "ru"
          },
          "lib/net452/ru/UiPath.Terminal.Activities.resources.dll": {
            "locale": "ru"
          },
          "lib/net452/ru/UiPath.Terminal.IBM.resources.dll": {
            "locale": "ru"
          },
          "lib/net452/ru/UiPath.Terminal.resources.dll": {
            "locale": "ru"
          }
        }
      },
      "UiPath.UIAutomation.Activities/19.5.0": {
        "type": "package",
        "dependencies": {
          "AvalonEdit": "5.0.3",
          "Extended.Wpf.Toolkit": "2.8.0",
          "Humanizer.Core": "2.4.2",
          "UiPath": "19.5.7079.28746",
          "UiPath.OCR.Contracts": "1.0.0",
          "UiPath.Vision": "1.6.0"
        },
        "compile": {
          "lib/net461/_._": {}
        },
        "runtime": {
          "lib/net461/ActiproSoftware.DataGrid.Contrib.Wpf.dll": {},
          "lib/net461/ActiproSoftware.Docking.Wpf.dll": {},
          "lib/net461/ActiproSoftware.Editors.Wpf.dll": {},
          "lib/net461/ActiproSoftware.Ribbon.Wpf.dll": {},
          "lib/net461/ActiproSoftware.Shared.Wpf.dll": {},
          "lib/net461/ActiproSoftware.SyntaxEditor.Addons.DotNet.Wpf.dll": {},
          "lib/net461/ActiproSoftware.SyntaxEditor.Wpf.dll": {},
          "lib/net461/ActiproSoftware.Text.Addons.DotNet.Wpf.dll": {},
          "lib/net461/ActiproSoftware.Text.LLParser.Wpf.dll": {},
          "lib/net461/ActiproSoftware.Text.Wpf.dll": {},
          "lib/net461/ActiproSoftware.Wizard.Wpf.dll": {},
          "lib/net461/UiPath.UIAutomation.Activities.Design.dll": {},
          "lib/net461/UiPath.UiAutomation.Activities.dll": {},
          "lib/net461/UiPath.Wizards.dll": {}
        },
        "resource": {
          "lib/net461/fr/UiPath.UIAutomation.Activities.Design.resources.dll": {
            "locale": "fr"
          },
          "lib/net461/fr/UiPath.UiAutomation.Activities.resources.dll": {
            "locale": "fr"
          },
          "lib/net461/fr/UiPath.Wizards.resources.dll": {
            "locale": "fr"
          },
          "lib/net461/ja/UiPath.UIAutomation.Activities.Design.resources.dll": {
            "locale": "ja"
          },
          "lib/net461/ja/UiPath.UiAutomation.Activities.resources.dll": {
            "locale": "ja"
          },
          "lib/net461/ja/UiPath.Wizards.resources.dll": {
            "locale": "ja"
          },
          "lib/net461/ru/UiPath.UIAutomation.Activities.Design.resources.dll": {
            "locale": "ru"
          },
          "lib/net461/ru/UiPath.UiAutomation.Activities.resources.dll": {
            "locale": "ru"
          },
          "lib/net461/ru/UiPath.Wizards.resources.dll": {
            "locale": "ru"
          }
        }
      },
      "UiPath.Vision/1.6.0": {
        "type": "package",
        "compile": {
          "lib/net452/_._": {}
        },
        "runtime": {
          "lib/net452/UiPath.Vision.Core.dll": {},
          "lib/net452/UiPath.Vision.dll": {}
        }
      },
      "UiPath.WebAPI.Activities/1.4.1": {
        "type": "package",
        "dependencies": {
          "AvalonEdit": "5.0.3",
          "Newtonsoft.Json": "11.0.2",
          "RestSharp": "106.3.1"
        },
        "compile": {
          "lib/net452/_._": {}
        },
        "runtime": {
          "lib/net452/UiPath.Web.Activities.Design.dll": {},
          "lib/net452/UiPath.Web.Activities.dll": {},
          "lib/net452/UiPath.Web.dll": {}
        },
        "resource": {
          "lib/net452/fr/UiPath.Web.Activities.Design.resources.dll": {
            "locale": "fr"
          },
          "lib/net452/fr/UiPath.Web.Activities.resources.dll": {
            "locale": "fr"
          },
          "lib/net452/fr/UiPath.Web.resources.dll": {
            "locale": "fr"
          },
          "lib/net452/ja/UiPath.Web.Activities.Design.resources.dll": {
            "locale": "ja"
          },
          "lib/net452/ja/UiPath.Web.Activities.resources.dll": {
            "locale": "ja"
          },
          "lib/net452/ja/UiPath.Web.resources.dll": {
            "locale": "ja"
          },
          "lib/net452/ru/UiPath.Web.Activities.Design.resources.dll": {
            "locale": "ru"
          },
          "lib/net452/ru/UiPath.Web.Activities.resources.dll": {
            "locale": "ru"
          },
          "lib/net452/ru/UiPath.Web.resources.dll": {
            "locale": "ru"
          }
        }
      },
      "UiPath.Word.Activities/1.3.1": {
        "type": "package",
        "dependencies": {
          "DocX": "1.0.0.18"
        },
        "compile": {
          "lib/net452/_._": {}
        },
        "runtime": {
          "lib/net452/UiPath.Word.Activities.Design.dll": {},
          "lib/net452/UiPath.Word.Activities.dll": {},
          "lib/net452/UiPath.Word.dll": {}
        },
        "resource": {
          "lib/net452/fr/UiPath.Word.Activities.Design.resources.dll": {
            "locale": "fr"
          },
          "lib/net452/fr/UiPath.Word.Activities.resources.dll": {
            "locale": "fr"
          },
          "lib/net452/fr/UiPath.Word.resources.dll": {
            "locale": "fr"
          },
          "lib/net452/ja/UiPath.Word.Activities.Design.resources.dll": {
            "locale": "ja"
          },
          "lib/net452/ja/UiPath.Word.Activities.resources.dll": {
            "locale": "ja"
          },
          "lib/net452/ja/UiPath.Word.resources.dll": {
            "locale": "ja"
          },
          "lib/net452/ru/UiPath.Word.Activities.Design.resources.dll": {
            "locale": "ru"
          },
          "lib/net452/ru/UiPath.Word.Activities.resources.dll": {
            "locale": "ru"
          },
          "lib/net452/ru/UiPath.Word.resources.dll": {
            "locale": "ru"
          }
        }
      }
    }
  },
  "libraries": {
    "AvalonEdit/5.0.3": {
      "sha512": "L5CgXRniZRxI/tjoBztVgZnvTL1F/qKrRJa+Q88I0Gl78WRNaqdMkuOlkAsOHTauBGZSQNDO0/X+xIpzfzmLdQ==",
      "type": "package",
      "path": "avalonedit/5.0.3",
      "files": [
        "avalonedit.5.0.3.nupkg.sha512",
        "avalonedit.nuspec",
        "lib/Net35/ICSharpCode.AvalonEdit.dll",
        "lib/Net35/ICSharpCode.AvalonEdit.xml",
        "lib/Net40/ICSharpCode.AvalonEdit.dll",
        "lib/Net40/ICSharpCode.AvalonEdit.xml"
      ]
    },
    "BitMiracle.Docotic.Pdf/5.2.8369": {
      "sha512": "2BgMaBV9x9XGdckXQmiiI5dAsM1r8jOpg3xfuU3M8n71197XNKbahv6ZcAVu1nQOu6rDqSUfY1i5rHCCHykC9Q==",
      "type": "package",
      "path": "bitmiracle.docotic.pdf/5.2.8369",
      "files": [
        ".signature.p7s",
        "bitmiracle.docotic.pdf.5.2.8369.nupkg.sha512",
        "bitmiracle.docotic.pdf.nuspec",
        "lib/net20/BitMiracle.Docotic.Pdf.dll",
        "lib/net20/BitMiracle.Docotic.Pdf.xml",
        "lib/net40/BitMiracle.Docotic.Pdf.dll",
        "lib/net40/BitMiracle.Docotic.Pdf.xml",
        "lib/netstandard1.3/BitMiracle.Docotic.Pdf.dll",
        "lib/netstandard1.3/BitMiracle.Docotic.Pdf.xml",
        "readme.txt"
      ]
    },
    "BouncyCastle/1.8.1": {
      "sha512": "nH+P67LavO5EcxjKdBxFfRdfdFhivS3Xp3+0br1KcpCI8DM6ksCWy6YYZjk7XFV+VsHGtkUovwIZ/vmCp42geA==",
      "type": "package",
      "path": "bouncycastle/1.8.1",
      "files": [
        "Readme.txt",
        "bouncycastle.1.8.1.nupkg.sha512",
        "bouncycastle.nuspec",
        "lib/BouncyCastle.Crypto.dll"
      ]
    },
    "ClosedXML/0.87.1": {
      "sha512": "2LC0T8bu2G2kt34C4Ig87uZfrRO4MwMVI54e2To7m3DvwAs2Z2Ir86WQuUoW8Txo1uNGSfmu3DpfpQhSX0bIww==",
      "type": "package",
      "path": "closedxml/0.87.1",
      "files": [
        "closedxml.0.87.1.nupkg.sha512",
        "closedxml.nuspec",
        "lib/net35/ClosedXML.dll",
        "lib/net35/ClosedXML.pdb",
        "lib/net35/ClosedXML.xml",
        "lib/net40/ClosedXML.dll",
        "lib/net40/ClosedXML.pdb",
        "lib/net40/ClosedXML.xml"
      ]
    },
    "CredentialManagement/1.0.2": {
      "sha512": "VkP04/jFXaxT3TkcRhzETYtOrznQxRmQ2J1XJdbXz47Bir7hIzPR7mFZk4GJQ4An4gozW+vonpf+iqTHomAkQw==",
      "type": "package",
      "path": "credentialmanagement/1.0.2",
      "files": [
        "credentialmanagement.1.0.2.nupkg.sha512",
        "credentialmanagement.nuspec",
        "lib/net35/CredentialManagement.dll"
      ]
    },
    "CsvHelper/2.13.5": {
      "sha512": "Y3SQyxU86+V5sZm6X93ko3kToYbiGLcVYW5tvK8rrrk5b1lvw2Nh5NewUJmkw0gMRHF+jANi7pGnb5p+4rVPOw==",
      "type": "package",
      "path": "csvhelper/2.13.5",
      "files": [
        ".signature.p7s",
        "csvhelper.2.13.5.nupkg.sha512",
        "csvhelper.nuspec",
        "lib/net20/CsvHelper.dll",
        "lib/net20/CsvHelper.pdb",
        "lib/net20/CsvHelper.xml",
        "lib/net35-client/CsvHelper.dll",
        "lib/net35-client/CsvHelper.pdb",
        "lib/net35-client/CsvHelper.xml",
        "lib/net40-client/CsvHelper.dll",
        "lib/net40-client/CsvHelper.pdb",
        "lib/net40-client/CsvHelper.xml",
        "lib/portable-net40+sl5+win8+wpa+wp8/CsvHelper.dll",
        "lib/portable-net40+sl5+win8+wpa+wp8/CsvHelper.pdb",
        "lib/portable-net40+sl5+win8+wpa+wp8/CsvHelper.xml"
      ]
    },
    "DocumentFormat.OpenXml/2.5.0": {
      "sha512": "H5jnox0hcLwzAjrpNqDPIItjh7dplF1kk1z8LatpI2h75wBgps1MepEttJFKs7xedQReCMHA0tGpNI0H2B+Mrg==",
      "type": "package",
      "path": "documentformat.openxml/2.5.0",
      "files": [
        "documentformat.openxml.2.5.0.nupkg.sha512",
        "documentformat.openxml.nuspec",
        "lib/DocumentFormat.OpenXml.dll"
      ]
    },
    "DocX/1.0.0.18": {
      "sha512": "8E2yyGRmhitJ73wlO/dvMKcOktVY7fgGiFO3h/u3FvvcQBnUX+tDYtFekr82eF9g2sAQfEqc1nZAvjeinqHv4g==",
      "type": "package",
      "path": "docx/1.0.0.18",
      "files": [
        "docx.1.0.0.18.nupkg.sha512",
        "docx.nuspec",
        "lib/net40/DocX.dll"
      ]
    },
    "Extended.Wpf.Toolkit/2.8.0": {
      "sha512": "wKjJl4sDyXTVzgiKTBTw8jT0/3OwpEklQuWGe1Nz2HX0joiBeUzIurY2mnERni+8XHwateRcuks6yk/cuR22fA==",
      "type": "package",
      "path": "extended.wpf.toolkit/2.8.0",
      "files": [
        "extended.wpf.toolkit.2.8.0.nupkg.sha512",
        "extended.wpf.toolkit.nuspec",
        "lib/net35/WPFToolkit.dll",
        "lib/net35/Xceed.Wpf.Toolkit.dll",
        "lib/net40/Xceed.Wpf.AvalonDock.Themes.Aero.dll",
        "lib/net40/Xceed.Wpf.AvalonDock.Themes.Metro.dll",
        "lib/net40/Xceed.Wpf.AvalonDock.Themes.VS2010.dll",
        "lib/net40/Xceed.Wpf.AvalonDock.dll",
        "lib/net40/Xceed.Wpf.DataGrid.dll",
        "lib/net40/Xceed.Wpf.Toolkit.dll",
        "lib/net40/de/Xceed.Wpf.AvalonDock.resources.dll",
        "lib/net40/es/Xceed.Wpf.AvalonDock.resources.dll",
        "lib/net40/fr/Xceed.Wpf.AvalonDock.resources.dll",
        "lib/net40/hu/Xceed.Wpf.AvalonDock.resources.dll",
        "lib/net40/it/Xceed.Wpf.AvalonDock.resources.dll",
        "lib/net40/pt-BR/Xceed.Wpf.AvalonDock.resources.dll",
        "lib/net40/ro/Xceed.Wpf.AvalonDock.resources.dll",
        "lib/net40/ru/Xceed.Wpf.AvalonDock.resources.dll",
        "lib/net40/sv/Xceed.Wpf.AvalonDock.resources.dll",
        "lib/net40/zh-Hans/Xceed.Wpf.AvalonDock.resources.dll",
        "tools/install.ps1"
      ]
    },
    "Fluent.Ribbon/3.5.1.198": {
      "sha512": "Ix4NJKGVHqeI1PeF1PB6as5L7qRx2hyPiXg+iNJfjru33rRlAthWlyUTS4HJEajWPxCJfIaVWx5gPdBE7nVJlQ==",
      "type": "package",
      "path": "fluent.ribbon/3.5.1.198",
      "files": [
        "fluent.ribbon.3.5.1.198.nupkg.sha512",
        "fluent.ribbon.nuspec",
        "lib/net40/Fluent.XML",
        "lib/net40/Fluent.dll",
        "lib/net40/Fluent.pdb",
        "lib/net40/Microsoft.Windows.Shell.dll",
        "lib/net40/System.Windows.Interactivity.dll",
        "lib/net45/Fluent.XML",
        "lib/net45/Fluent.dll",
        "lib/net45/Fluent.pdb",
        "lib/net45/System.Windows.Interactivity.dll"
      ]
    },
    "FluentFTP/19.1.2": {
      "sha512": "UIKSc2ylmnnndZSxdi3vvFUGUQqIjiAyQvEAuwo32DcrQNj8DuyYuGRdXyB6L7J4V+LgvPGDEVvIYpqSeIXxwg==",
      "type": "package",
      "path": "fluentftp/19.1.2",
      "files": [
        ".signature.p7s",
        "fluentftp.19.1.2.nupkg.sha512",
        "fluentftp.nuspec",
        "lib/net20/FluentFTP.dll",
        "lib/net20/FluentFTP.xml",
        "lib/net35/FluentFTP.dll",
        "lib/net35/FluentFTP.xml",
        "lib/net40/FluentFTP.dll",
        "lib/net40/FluentFTP.xml",
        "lib/net45/FluentFTP.dll",
        "lib/net45/FluentFTP.xml",
        "lib/netstandard1.4/FluentFTP.dll",
        "lib/netstandard1.4/FluentFTP.xml",
        "lib/netstandard1.6/FluentFTP.dll",
        "lib/netstandard1.6/FluentFTP.xml"
      ]
    },
    "Humanizer.Core/2.4.2": {
      "sha512": "bdHOGpZNL92TebkGuaBe/RpxUrDeRDZQLRdFPEbM+miGV1V3ITmw6iZtGYzp44DUd60Fmw5mgHG2HaFSC4hQdQ==",
      "type": "package",
      "path": "humanizer.core/2.4.2",
      "files": [
        ".signature.p7s",
        "humanizer.core.2.4.2.nupkg.sha512",
        "humanizer.core.nuspec",
        "lib/netstandard1.0/Humanizer.dll",
        "lib/netstandard1.0/Humanizer.xml",
        "lib/netstandard2.0/Humanizer.dll",
        "lib/netstandard2.0/Humanizer.xml"
      ]
    },
    "interop.domino.dll/1.0.0": {
      "sha512": "SfX99DH0cVAAEW6Uhk+abi7cG/X08yL6klGU9HxBYR/IFVonxzEgiHbubXYPExMtioiwBLhR8gm9Q+29Gt91Rw==",
      "type": "package",
      "path": "interop.domino.dll/1.0.0",
      "files": [
        ".signature.p7s",
        "interop.domino.dll.1.0.0.nupkg.sha512",
        "interop.domino.dll.nuspec",
        "lib/Interop.Domino.dll"
      ]
    },
    "Microsoft.Activities/1.0.1": {
      "sha512": "jkwJR/MMdyLol9wkIXkbpcCu8AUAJte7UZM6IcoeOnrX8cNgHppt6IawNfkhGqQs6ulTklBuZ2DjLj1/154iUA==",
      "type": "package",
      "path": "microsoft.activities/1.0.1",
      "files": [
        "lib/net45/Microsoft.Activities.Design.Services.dll",
        "lib/net45/Microsoft.Activities.Design.dll",
        "lib/net45/Microsoft.Activities.Design.xml",
        "lib/net45/Microsoft.Activities.dll",
        "lib/net45/Microsoft.Activities.xml",
        "lib/net45/Microsoft.Workflow.Client.dll",
        "lib/net45/Microsoft.Workflow.Client.xml",
        "lib/net45/Microsoft.Workflow.Common.dll",
        "lib/net45/Microsoft.Workflow.Tracing.dll",
        "microsoft.activities.1.0.1.nupkg.sha512",
        "microsoft.activities.nuspec"
      ]
    },
    "Microsoft.Activities.Extensions/2.0.6.9": {
      "sha512": "yGwK3gYUzzGIzgybBtXsCbcWIj+Dv+gadnaWkmG0WpBs22AV8ZS7deFhAb2pznDoGz0Pj4M7Tt9RwK9VrNzf4A==",
      "type": "package",
      "path": "microsoft.activities.extensions/2.0.6.9",
      "files": [
        "help/Microsoft.Activities.Extensions Documentation.chm",
        "lib/Net40/Microsoft.Activities.Extensions.Design.dll",
        "lib/Net40/Microsoft.Activities.Extensions.dll",
        "lib/Net401/Microsoft.Activities.Extensions.Design.dll",
        "lib/Net401/Microsoft.Activities.Extensions.dll",
        "lib/Net45/Microsoft.Activities.Extensions.Design.dll",
        "lib/Net45/Microsoft.Activities.Extensions.dll",
        "microsoft.activities.extensions.2.0.6.9.nupkg.sha512",
        "microsoft.activities.extensions.nuspec",
        "tools/Microsoft.Activities.Extensions.NuGet.dll",
        "tools/install.ps1",
        "tools/uninstall.ps1"
      ]
    },
    "Microsoft.AspNet.SignalR.Client/2.4.0": {
      "sha512": "I5VvYyS/smVX93pxMd8jQ1MY+lEH9/IeJzm5trcdVicl4PIqYDNxZWFf+36RY+b21HGu4toe0OlB9QZSF6gWCw==",
      "type": "package",
      "path": "microsoft.aspnet.signalr.client/2.4.0",
      "files": [
        ".signature.p7s",
        "lib/net40/Microsoft.AspNet.SignalR.Client.dll",
        "lib/net40/Microsoft.AspNet.SignalR.Client.pdb",
        "lib/net40/Microsoft.AspNet.SignalR.Client.xml",
        "lib/net45/Microsoft.AspNet.SignalR.Client.dll",
        "lib/net45/Microsoft.AspNet.SignalR.Client.pdb",
        "lib/net45/Microsoft.AspNet.SignalR.Client.xml",
        "lib/netstandard1.3/Microsoft.AspNet.SignalR.Client.dll",
        "lib/netstandard1.3/Microsoft.AspNet.SignalR.Client.pdb",
        "lib/netstandard1.3/Microsoft.AspNet.SignalR.Client.xml",
        "lib/netstandard2.0/Microsoft.AspNet.SignalR.Client.dll",
        "lib/netstandard2.0/Microsoft.AspNet.SignalR.Client.pdb",
        "lib/netstandard2.0/Microsoft.AspNet.SignalR.Client.xml",
        "microsoft.aspnet.signalr.client.2.4.0.nupkg.sha512",
        "microsoft.aspnet.signalr.client.nuspec"
      ]
    },
    "Microsoft.Exchange.WebServices/2.2.0": {
      "sha512": "NlkaTD0uWtg9VbiWq0VDWMBPzHFknH3tmstrxt0acrT09LBGqATTjRpsGOODz6tUdX7/dehBinxsf75U5Uw/+A==",
      "type": "package",
      "path": "microsoft.exchange.webservices/2.2.0",
      "files": [
        "doc/License Terms.rtf",
        "doc/README.htm",
        "doc/Redist.txt",
        "lib/40/Microsoft.Exchange.WebServices.Auth.dll",
        "lib/40/Microsoft.Exchange.WebServices.Auth.pdb",
        "lib/40/Microsoft.Exchange.WebServices.Auth.xml",
        "lib/40/Microsoft.Exchange.WebServices.dll",
        "lib/40/Microsoft.Exchange.WebServices.pdb",
        "lib/40/Microsoft.Exchange.WebServices.xml",
        "microsoft.exchange.webservices.2.2.0.nupkg.sha512",
        "microsoft.exchange.webservices.nuspec"
      ]
    },
    "Microsoft.Rest.ClientRuntime/2.3.10": {
      "sha512": "a30J6t7LRkYx974tLaRnJc/dYZ1M7uhc5vdgULxdhL7HJNJydG7e+jyAVD15gK+vFR1i9MH+5Ch9t1zhb/Lp1g==",
      "type": "package",
      "path": "microsoft.rest.clientruntime/2.3.10",
      "files": [
        ".signature.p7s",
        "lib/net452/Microsoft.Rest.ClientRuntime.dll",
        "lib/net452/Microsoft.Rest.ClientRuntime.runtimeconfig.json",
        "lib/net452/Microsoft.Rest.ClientRuntime.xml",
        "lib/netstandard1.4/Microsoft.Rest.ClientRuntime.dll",
        "lib/netstandard1.4/Microsoft.Rest.ClientRuntime.runtimeconfig.json",
        "lib/netstandard1.4/Microsoft.Rest.ClientRuntime.xml",
        "microsoft.rest.clientruntime.2.3.10.nupkg.sha512",
        "microsoft.rest.clientruntime.nuspec"
      ]
    },
    "Microsoft.VisualStudio.OLE.Interop/7.10.6071": {
      "sha512": "PuINhJH41DbKfkNU+qcyC4Wlt/z0DgI/ViZv6gjUclylnFbUIpCdqm4fK+PKJDfiarHTKnGWkxjKuOIS1Bqs5Q==",
      "type": "package",
      "path": "microsoft.visualstudio.ole.interop/7.10.6071",
      "files": [
        "lib/Microsoft.VisualStudio.OLE.Interop.dll",
        "lib/Microsoft.VisualStudio.OLE.Interop.xml",
        "microsoft.visualstudio.ole.interop.7.10.6071.nupkg.sha512",
        "microsoft.visualstudio.ole.interop.nuspec"
      ]
    },
    "Newtonsoft.Json/11.0.2": {
      "sha512": "IvJe1pj7JHEsP8B8J8DwlMEx8UInrs/x+9oVY+oCD13jpLu4JbJU2WCIsMRn5C4yW9+DgkaO8uiVE5VHKjpmdQ==",
      "type": "package",
      "path": "newtonsoft.json/11.0.2",
      "files": [
        "LICENSE.md",
        "lib/net20/Newtonsoft.Json.dll",
        "lib/net20/Newtonsoft.Json.xml",
        "lib/net35/Newtonsoft.Json.dll",
        "lib/net35/Newtonsoft.Json.xml",
        "lib/net40/Newtonsoft.Json.dll",
        "lib/net40/Newtonsoft.Json.xml",
        "lib/net45/Newtonsoft.Json.dll",
        "lib/net45/Newtonsoft.Json.xml",
        "lib/netstandard1.0/Newtonsoft.Json.dll",
        "lib/netstandard1.0/Newtonsoft.Json.xml",
        "lib/netstandard1.3/Newtonsoft.Json.dll",
        "lib/netstandard1.3/Newtonsoft.Json.xml",
        "lib/netstandard2.0/Newtonsoft.Json.dll",
        "lib/netstandard2.0/Newtonsoft.Json.xml",
        "lib/portable-net40+sl5+win8+wp8+wpa81/Newtonsoft.Json.dll",
        "lib/portable-net40+sl5+win8+wp8+wpa81/Newtonsoft.Json.xml",
        "lib/portable-net45+win8+wp8+wpa81/Newtonsoft.Json.dll",
        "lib/portable-net45+win8+wp8+wpa81/Newtonsoft.Json.xml",
        "newtonsoft.json.11.0.2.nupkg.sha512",
        "newtonsoft.json.nuspec"
      ]
    },
    "NPOI/2.4.1": {
      "sha512": "85790/CY9z4DCU1KLpcdLSqaqaqmQOenTqXJfcsYK8LIKNAAoTgjT5LYLbORgdwAd63sbaJiCfB1SIn/dAXrJw==",
      "type": "package",
      "path": "npoi/2.4.1",
      "files": [
        "LICENSE",
        "Read Me.txt",
        "lib/NPOI.xml",
        "lib/net40/NPOI.OOXML.dll",
        "lib/net40/NPOI.OpenXml4Net.dll",
        "lib/net40/NPOI.OpenXmlFormats.dll",
        "lib/net40/NPOI.dll",
        "lib/net45/NPOI.OOXML.dll",
        "lib/net45/NPOI.OpenXml4Net.dll",
        "lib/net45/NPOI.OpenXmlFormats.dll",
        "lib/net45/NPOI.dll",
        "lib/netstandard2.0/NPOI.OOXML.deps.json",
        "lib/netstandard2.0/NPOI.OOXML.dll",
        "lib/netstandard2.0/NPOI.OpenXml4Net.deps.json",
        "lib/netstandard2.0/NPOI.OpenXml4Net.dll",
        "lib/netstandard2.0/NPOI.OpenXmlFormats.deps.json",
        "lib/netstandard2.0/NPOI.OpenXmlFormats.dll",
        "lib/netstandard2.0/NPOI.deps.json",
        "lib/netstandard2.0/NPOI.dll",
        "logo/120_120.jpg",
        "logo/240_240.png",
        "logo/32_32.jpg",
        "logo/60_60.jpg",
        "npoi.2.4.1.nupkg.sha512",
        "npoi.nuspec"
      ]
    },
    "RestSharp/106.3.1": {
      "sha512": "TmlN7SXjK52zzpQDTuzw7IH3XQ2Svtss/4zvQBKIgf74QIVxvlxoAqQYu1EhNQ1bMSBIQ4aK120BO7W+v8/kiQ==",
      "type": "package",
      "path": "restsharp/106.3.1",
      "files": [
        "lib/net452/RestSharp.dll",
        "lib/netstandard2.0/RestSharp.dll",
        "restsharp.106.3.1.nupkg.sha512",
        "restsharp.nuspec"
      ]
    },
    "SharpZipLib/1.0.0": {
      "sha512": "YuYztmY3jEb21F6e5LIPHJjApdtzdCPQ284UzsCKNfkgW71bukFHJES6RbKi+wm053XzFg0LX5/2vj/9gl8F/g==",
      "type": "package",
      "path": "sharpziplib/1.0.0",
      "files": [
        "lib/net45/ICSharpCode.SharpZipLib.dll",
        "lib/net45/ICSharpCode.SharpZipLib.xml",
        "lib/netstandard2.0/ICSharpCode.SharpZipLib.dll",
        "lib/netstandard2.0/ICSharpCode.SharpZipLib.xml",
        "sharpziplib.1.0.0.nupkg.sha512",
        "sharpziplib.nuspec"
      ]
    },
    "SSH.NET/2016.1.0": {
      "sha512": "Ky0PcLxFj7UyK7zAfNDtdnQEEFKdIc8COiSqe69k13ACuSJNiHmvOwHkARAVFQ4VgsbVFLupgYiXes0O00wEWA==",
      "type": "package",
      "path": "ssh.net/2016.1.0",
      "files": [
        ".signature.p7s",
        "lib/net35/Renci.SshNet.dll",
        "lib/net35/Renci.SshNet.xml",
        "lib/net40/Renci.SshNet.dll",
        "lib/net40/Renci.SshNet.xml",
        "lib/netstandard1.3/Renci.SshNet.dll",
        "lib/netstandard1.3/Renci.SshNet.xml",
        "lib/sl4/Renci.SshNet.dll",
        "lib/sl4/Renci.SshNet.xml",
        "lib/sl5/Renci.SshNet.dll",
        "lib/sl5/Renci.SshNet.xml",
        "lib/uap10/Renci.SshNet.dll",
        "lib/uap10/Renci.SshNet.xml",
        "lib/wp71/Renci.SshNet.dll",
        "lib/wp71/Renci.SshNet.xml",
        "lib/wp8/Renci.SshNet.dll",
        "lib/wp8/Renci.SshNet.xml",
        "ssh.net.2016.1.0.nupkg.sha512",
        "ssh.net.nuspec"
      ]
    },
    "System.Management.Automation/6.1.7601.17515": {
      "sha512": "JX7p60cNdLW86m/cfuHp3XQK5I8LZhOk1eONeMCqUpGwXnw0J/mLa02H5vzIglV7aKg24Oe7udae7Xmlhvdb+Q==",
      "type": "package",
      "path": "system.management.automation/6.1.7601.17515",
      "files": [
        ".signature.p7s",
        "lib/net40/System.Management.Automation.dll",
        "lib/net45/System.Management.Automation.dll",
        "system.management.automation.6.1.7601.17515.nupkg.sha512",
        "system.management.automation.nuspec"
      ]
    },
    "System.ValueTuple/4.5.0": {
      "sha512": "+gDrtQRdEsUSdPZEEcVRmBvs6xJmqGBqRzEGMQm5XqHxWTkZe/PSuomdth5ZPcOb/Oh2kIu6NChoI1JQk649jg==",
      "type": "package",
      "path": "system.valuetuple/4.5.0",
      "files": [
        ".signature.p7s",
        "LICENSE.TXT",
        "THIRD-PARTY-NOTICES.TXT",
        "lib/MonoAndroid10/_._",
        "lib/MonoTouch10/_._",
        "lib/net461/System.ValueTuple.dll",
        "lib/net461/System.ValueTuple.xml",
        "lib/net47/System.ValueTuple.dll",
        "lib/net47/System.ValueTuple.xml",
        "lib/netcoreapp2.0/_._",
        "lib/netstandard1.0/System.ValueTuple.dll",
        "lib/netstandard1.0/System.ValueTuple.xml",
        "lib/netstandard2.0/_._",
        "lib/portable-net40+sl4+win8+wp8/System.ValueTuple.dll",
        "lib/portable-net40+sl4+win8+wp8/System.ValueTuple.xml",
        "lib/uap10.0.16299/_._",
        "lib/xamarinios10/_._",
        "lib/xamarinmac20/_._",
        "lib/xamarintvos10/_._",
        "lib/xamarinwatchos10/_._",
        "ref/MonoAndroid10/_._",
        "ref/MonoTouch10/_._",
        "ref/net461/System.ValueTuple.dll",
        "ref/net47/System.ValueTuple.dll",
        "ref/netcoreapp2.0/_._",
        "ref/netstandard2.0/_._",
        "ref/portable-net40+sl4+win8+wp8/System.ValueTuple.dll",
        "ref/uap10.0.16299/_._",
        "ref/xamarinios10/_._",
        "ref/xamarinmac20/_._",
        "ref/xamarintvos10/_._",
        "ref/xamarinwatchos10/_._",
        "system.valuetuple.4.5.0.nupkg.sha512",
        "system.valuetuple.nuspec",
        "useSharedDesignerContext.txt",
        "version.txt"
      ]
    },
    "Twilio/3.6.18": {
      "sha512": "VJRieq90/Y252qOHZZekK7ogdYBwRw10IIJKZprUghnWnrCJ4tTCog8Ga16ZzEWglcCVjB3SU/Ex4EK3bCOsDA==",
      "type": "package",
      "path": "twilio/3.6.18",
      "files": [
        "lib/3.5/Twilio.Api.dll",
        "lib/3.5/Twilio.Api.pdb",
        "lib/3.5/Twilio.Api.xml",
        "lib/SL4-WINDOWSPHONE71/Twilio.Api.WindowsPhone.dll",
        "lib/SL4-WINDOWSPHONE71/Twilio.Api.WindowsPhone.pdb",
        "lib/SL4-WINDOWSPHONE71/Twilio.Api.WindowsPhone.xml",
        "lib/SL4/Twilio.Api.Silverlight.dll",
        "lib/SL4/Twilio.Api.Silverlight.pdb",
        "lib/SL4/Twilio.Api.Silverlight.xml",
        "twilio.3.6.18.nupkg.sha512",
        "twilio.nuspec"
      ]
    },
    "Twilio.Workflow.Activities/1.0.0": {
      "sha512": "owSPSZNLhK28gNCMrJfsoRjDsc6KvHq2Ng0CF+XF7pZjDzEkEAnl6+NtL63zx2WTDWfdMGxVNuWlMmEU/eseiA==",
      "type": "package",
      "path": "twilio.workflow.activities/1.0.0",
      "files": [
        "lib/net40-Client/Twilio.Workflow.Activities.dll",
        "twilio.workflow.activities.1.0.0.nupkg.sha512",
        "twilio.workflow.activities.nuspec"
      ]
    },
    "UiPath/19.5.7079.28746": {
      "sha512": "sUC/4lmbMckP+1l+sPoQCam5z3a/x5cVFG6f+SQa5oRQxClPue0pEhsyDNVJvoDKZ01DtjivrVfK1X4MqkMmmw==",
      "type": "package",
      "path": "uipath/19.5.7079.28746",
      "files": [
        ".signature.p7s",
        "build/UiPath.targets",
        "build/UiPath/BrowserNativeMessagingImpl.dll",
        "build/UiPath/FuncServer_x64.exe",
        "build/UiPath/FuncServer_x86.exe",
        "build/UiPath/JavaSupport/UiPathBridge.jar",
        "build/UiPath/JavaSupport/UiPathJBIntruder.jar",
        "build/UiPath/JavaSupport/UiPathJBIntruderV8.jar",
        "build/UiPath/JavaSupport/UiPathV8.jar",
        "build/UiPath/JavaSupport/attach_x64/6/attach.dll",
        "build/UiPath/JavaSupport/attach_x64/7/attach.dll",
        "build/UiPath/JavaSupport/attach_x86/6/attach.dll",
        "build/UiPath/JavaSupport/attach_x86/7/attach.dll",
        "build/UiPath/JavaSupport/jaccess-1_2.jar",
        "build/UiPath/JavaSupport/jaccess-1_3.jar",
        "build/UiPath/JavaSupport/jaccess-1_4.jar",
        "build/UiPath/JavaSupport/jaccess.jar",
        "build/UiPath/JavaSupport/tools.jar",
        "build/UiPath/JavaSupport/toolsV8.jar",
        "build/UiPath/JavaSupport/xml-apis.jar",
        "build/UiPath/Resources/x32.manifest",
        "build/UiPath/Resources/x64.manifest",
        "build/UiPath/SLBroker.dll",
        "build/UiPath/SLBroker.xap",
        "build/UiPath/SLHook.dll",
        "build/UiPath/ShaferFilechck.dll",
        "build/UiPath/TCapture.dll",
        "build/UiPath/TCapture_x64.dll",
        "build/UiPath/UiPath.dll",
        "build/UiPath/UiPathJavaBridgeImplV8.dll",
        "build/UiPath/UiPathJavaBridgeImplV8_x64.dll",
        "build/UiPath/UiPathJavaBridgeV8.dll",
        "build/UiPath/UiPathJavaBridgeV8_x64.dll",
        "build/UiPath/UiPathRemote.exe",
        "build/UiPath/UiPathSLB.dll",
        "build/UiPath/UiPathSLB_x64.dll",
        "build/UiPath/UiPath_x64.dll",
        "build/UiPath/aahook.dll",
        "build/UiPath/aahook_x64.dll",
        "build/UiPath/license.config",
        "build/UiPath/msvcr100.dll",
        "build/UiPath/slinject.exe",
        "build/UiPath/x64/ShaferFilechck_x64.DLL",
        "build/UiPath/x64/msvcr100.dll",
        "lib/UiPath.Interop.dll",
        "uipath.19.5.7079.28746.nupkg.sha512",
        "uipath.nuspec"
      ]
    },
    "UiPath.Cognitive.Activities/2.2.1": {
      "sha512": "Br1uFVYc13IXTzCqNBMkJSN9FZUfotJRZUpSYxuwbfaIuROwKnPbBzLhRHvYKxq0aO7FQrDI/89QJWAwKCW95g==",
      "type": "package",
      "path": "uipath.cognitive.activities/2.2.1",
      "files": [
        ".signature.p7s",
        "lib/net452/UiPath.Cognitive.Activities.Design.dll",
        "lib/net452/UiPath.Cognitive.Activities.dll",
        "lib/net452/UiPath.Cognitive.dll",
        "lib/net452/fr/UiPath.Cognitive.Activities.Design.resources.dll",
        "lib/net452/fr/UiPath.Cognitive.Activities.resources.dll",
        "lib/net452/fr/UiPath.Cognitive.resources.dll",
        "lib/net452/ja/UiPath.Cognitive.Activities.Design.resources.dll",
        "lib/net452/ja/UiPath.Cognitive.Activities.resources.dll",
        "lib/net452/ja/UiPath.Cognitive.resources.dll",
        "lib/net452/ru/UiPath.Cognitive.Activities.Design.resources.dll",
        "lib/net452/ru/UiPath.Cognitive.Activities.resources.dll",
        "lib/net452/ru/UiPath.Cognitive.resources.dll",
        "uipath.cognitive.activities.2.2.1.nupkg.sha512",
        "uipath.cognitive.activities.nuspec"
      ]
    },
    "UiPath.Credentials.Activities/1.1.6479.13204": {
      "sha512": "2C7e17Lk1G6QenZQwA5q0DETGdAb9K34p6SqPcAOdHHyr+BtYSWLWhXn+zNlMF8ZCr51pHCiBPNp33nok2B3Qw==",
      "type": "package",
      "path": "uipath.credentials.activities/1.1.6479.13204",
      "files": [
        "lib/net40-client/UiPath.Credentials.Activities.dll",
        "uipath.credentials.activities.1.1.6479.13204.nupkg.sha512",
        "uipath.credentials.activities.nuspec"
      ]
    },
    "UiPath.Database.Activities/1.2.6863.32528": {
      "sha512": "eNPiEjZztYygiGSvHoQla7A/IJZ54fa3qVkQRG7W+ANyI4mWsjkq0fKbPThaRIThrpJVwyU+0VMavTpHZCNKpQ==",
      "type": "package",
      "path": "uipath.database.activities/1.2.6863.32528",
      "files": [
        "lib/net40-Client/Microsoft.Data.ConnectionUI.Dialog.dll",
        "lib/net40-Client/UiPath.Database.Activities.Design.dll",
        "lib/net40-Client/UiPath.Database.Activities.dll",
        "lib/net40-Client/UiPath.Database.dll",
        "lib/net40-Client/de/UiPath.Database.Activities.Design.resources.dll",
        "lib/net40-Client/de/UiPath.Database.Activities.resources.dll",
        "lib/net40-Client/de/UiPath.Database.resources.dll",
        "lib/net40-Client/fr/UiPath.Database.Activities.Design.resources.dll",
        "lib/net40-Client/fr/UiPath.Database.Activities.resources.dll",
        "lib/net40-Client/fr/UiPath.Database.resources.dll",
        "lib/net40-Client/ja/UiPath.Database.Activities.Design.resources.dll",
        "lib/net40-Client/ja/UiPath.Database.Activities.resources.dll",
        "lib/net40-Client/ja/UiPath.Database.resources.dll",
        "uipath.database.activities.1.2.6863.32528.nupkg.sha512",
        "uipath.database.activities.nuspec"
      ]
    },
    "UiPath.Excel.Activities/2.6.1": {
      "sha512": "i4J+JQERH1ypjQJVFz7NMDBgvud0Vsu+Lfaw1kAyCJqEmSV/Wea0ffIwM7uOiEfxE6wyvKPggQ/h8bXaY9ybqA==",
      "type": "package",
      "path": "uipath.excel.activities/2.6.1",
      "files": [
        ".signature.p7s",
        "lib/net461/UiPath.Excel.Activities.Design.dll",
        "lib/net461/UiPath.Excel.Activities.dll",
        "lib/net461/UiPath.Excel.dll",
        "lib/net461/fr/UiPath.Excel.Activities.Design.resources.dll",
        "lib/net461/fr/UiPath.Excel.Activities.resources.dll",
        "lib/net461/fr/UiPath.Excel.resources.dll",
        "lib/net461/ja/UiPath.Excel.Activities.Design.resources.dll",
        "lib/net461/ja/UiPath.Excel.Activities.resources.dll",
        "lib/net461/ja/UiPath.Excel.resources.dll",
        "lib/net461/ru/UiPath.Excel.Activities.Design.resources.dll",
        "lib/net461/ru/UiPath.Excel.Activities.resources.dll",
        "lib/net461/ru/UiPath.Excel.resources.dll",
        "uipath.excel.activities.2.6.1.nupkg.sha512",
        "uipath.excel.activities.nuspec"
      ]
    },
    "UiPath.FTP.Activities/1.0.7053.27728": {
      "sha512": "RROkoUYXorYLzXvqfUTNLoLnIGEZGgN679EsF0Qd/TAJktilsviq2nuffS/sM3m0g4MQBqnsjoXgWO9+uHaA/w==",
      "type": "package",
      "path": "uipath.ftp.activities/1.0.7053.27728",
      "files": [
        ".signature.p7s",
        "lib/net452/UiPath.FTP.Activities.Design.dll",
        "lib/net452/UiPath.FTP.Activities.dll",
        "lib/net452/UiPath.FTP.dll",
        "uipath.ftp.activities.1.0.7053.27728.nupkg.sha512",
        "uipath.ftp.activities.nuspec"
      ]
    },
    "UiPath.Mail.Activities/1.5.0": {
      "sha512": "9rBQMVxynB5P0EgyZOfRhQh8btz1/BYhw8Kll5OlbKfBAA8zRqqbDlZSdGktD7Abel6+OxV6AGqHYTt8cMdzjQ==",
      "type": "package",
      "path": "uipath.mail.activities/1.5.0",
      "files": [
        ".signature.p7s",
        "lib/net452/MailKit.dll",
        "lib/net452/MailKit.xml",
        "lib/net452/MimeKit.dll",
        "lib/net452/MimeKit.xml",
        "lib/net452/UiPath.Mail.Activities.Design.dll",
        "lib/net452/UiPath.Mail.Activities.dll",
        "lib/net452/UiPath.Mail.dll",
        "lib/net452/fr/UiPath.Mail.Activities.Design.resources.dll",
        "lib/net452/fr/UiPath.Mail.Activities.resources.dll",
        "lib/net452/fr/UiPath.Mail.resources.dll",
        "lib/net452/ja/UiPath.Mail.Activities.Design.resources.dll",
        "lib/net452/ja/UiPath.Mail.Activities.resources.dll",
        "lib/net452/ja/UiPath.Mail.resources.dll",
        "lib/net452/ru/UiPath.Mail.Activities.Design.resources.dll",
        "lib/net452/ru/UiPath.Mail.Activities.resources.dll",
        "lib/net452/ru/UiPath.Mail.resources.dll",
        "uipath.mail.activities.1.5.0.nupkg.sha512",
        "uipath.mail.activities.nuspec"
      ]
    },
    "UiPath.OCR.Activities/1.0.5714.22559": {
      "sha512": "gz5LK8PzAXQjR0jYurFvXkvNgi4xfJzMpyfemTm1viBa9DDTdbwjfs7B66OXZGVFwJzqGk2y50JorPUiYAAcHw==",
      "type": "package",
      "path": "uipath.ocr.activities/1.0.5714.22559",
      "files": [
        "content/Todo.txt",
        "lib/net40-Client/AbbyyOnlineSdk.dll",
        "lib/net40-Client/UiPath.OCR.Activities.dll",
        "uipath.ocr.activities.1.0.5714.22559.nupkg.sha512",
        "uipath.ocr.activities.nuspec"
      ]
    },
    "UiPath.OCR.Contracts/1.0.0": {
      "sha512": "h5QgDgpFky81C/q7zPvLtAc6eTHOWIbf8seIS9OL1G6oVbkAsPVTXgP1X1xac4G6ZTaZVKqnIxdvnihut4BFBg==",
      "type": "package",
      "path": "uipath.ocr.contracts/1.0.0",
      "files": [
        ".signature.p7s",
        "lib/net45/UiPath.OCR.Contracts.dll",
        "uipath.ocr.contracts.1.0.0.nupkg.sha512",
        "uipath.ocr.contracts.nuspec"
      ]
    },
    "UiPath.PDF.Activities/2.0.0": {
      "sha512": "Z8+NYKL54hTCpEMaTShHl7LPhim35qhfvui92HIVo3GjU8hyE0wiOBP8flhwWZ6Aat1o1DPf7uDE0fNbB5K+8Q==",
      "type": "package",
      "path": "uipath.pdf.activities/2.0.0",
      "files": [
        ".signature.p7s",
        "lib/net461/UiPath.PDF.Activities.Design.dll",
        "lib/net461/UiPath.PDF.Activities.dll",
        "lib/net461/UiPath.PDF.dll",
        "lib/net461/fr/UiPath.PDF.Activities.Design.resources.dll",
        "lib/net461/fr/UiPath.PDF.Activities.resources.dll",
        "lib/net461/fr/UiPath.PDF.resources.dll",
        "lib/net461/ja/UiPath.PDF.Activities.Design.resources.dll",
        "lib/net461/ja/UiPath.PDF.Activities.resources.dll",
        "lib/net461/ja/UiPath.PDF.resources.dll",
        "lib/net461/ru/UiPath.PDF.Activities.Design.resources.dll",
        "lib/net461/ru/UiPath.PDF.Activities.resources.dll",
        "lib/net461/ru/UiPath.PDF.resources.dll",
        "uipath.pdf.activities.2.0.0.nupkg.sha512",
        "uipath.pdf.activities.nuspec"
      ]
    },
    "UiPath.Script.Activities/1.0.6710.16240": {
      "sha512": "7eOCdDvIUjI9Qf9tRp6hV2cLJpVJLv62rfrAFJ4o6mKgiMaySf763+dQduqMfMGTGxlhH8BoHwtnzLne1YgJBA==",
      "type": "package",
      "path": "uipath.script.activities/1.0.6710.16240",
      "files": [
        "lib/net45/AutoHotkey.Interop.dll",
        "lib/net45/UiPath.Script.Activities.Design.dll",
        "lib/net45/UiPath.Script.Activities.dll",
        "lib/net45/UiPath.Script.dll",
        "uipath.script.activities.1.0.6710.16240.nupkg.sha512",
        "uipath.script.activities.nuspec"
      ]
    },
    "UiPath.System.Activities/19.5.0": {
      "sha512": "GkSqxDqA/gtkWNgUuSH/382M0Y36zFATXw+DoVwhLxIWN/aDFnOv0dUZP5it+wOq+zXtftmxwLWeIJtGIV2sjQ==",
      "type": "package",
      "path": "uipath.system.activities/19.5.0",
      "files": [
        ".signature.p7s",
        "lib/net461/ActiproSoftware.Docking.Wpf.dll",
        "lib/net461/ActiproSoftware.Ribbon.Wpf.dll",
        "lib/net461/ActiproSoftware.Shared.Wpf.dll",
        "lib/net461/ActiproSoftware.SyntaxEditor.Addons.DotNet.Wpf.dll",
        "lib/net461/ActiproSoftware.SyntaxEditor.Wpf.dll",
        "lib/net461/ActiproSoftware.Text.Addons.DotNet.Wpf.dll",
        "lib/net461/ActiproSoftware.Text.LLParser.Wpf.dll",
        "lib/net461/ActiproSoftware.Text.Wpf.dll",
        "lib/net461/ActiproSoftware.Wizard.Wpf.dll",
        "lib/net461/CustomInputForm.exe",
        "lib/net461/UiPath.OrchestratorClient.dll",
        "lib/net461/UiPath.System.Activities.Design.dll",
        "lib/net461/UiPath.System.Activities.dll",
        "lib/net461/fr/UiPath.System.Activities.Design.resources.dll",
        "lib/net461/fr/UiPath.System.Activities.resources.dll",
        "lib/net461/ja/UiPath.System.Activities.Design.resources.dll",
        "lib/net461/ja/UiPath.System.Activities.resources.dll",
        "lib/net461/ru/UiPath.System.Activities.Design.resources.dll",
        "lib/net461/ru/UiPath.System.Activities.resources.dll",
        "uipath.system.activities.19.5.0.nupkg.sha512",
        "uipath.system.activities.nuspec"
      ]
    },
    "UiPath.Terminal.Activities/1.3.1": {
      "sha512": "O1g3MOqQjN23QuUTH8SnH0GhZspJTofcze2bRX8B90VH4ZL6whSV7JwzfYXj0ShdP88Bra9URGEKOBpXG+0Eag==",
      "type": "package",
      "path": "uipath.terminal.activities/1.3.1",
      "files": [
        ".signature.p7s",
        "lib/net452/NLog.config",
        "lib/net452/NLog.dll",
        "lib/net452/Open3270.dll",
        "lib/net452/UiPath.Terminal.Activities.Design.dll",
        "lib/net452/UiPath.Terminal.Activities.dll",
        "lib/net452/UiPath.Terminal.Attachmate.dll",
        "lib/net452/UiPath.Terminal.AttachmateExtra.dll",
        "lib/net452/UiPath.Terminal.BlueZone.dll",
        "lib/net452/UiPath.Terminal.Host.exe",
        "lib/net452/UiPath.Terminal.Host.exe.config",
        "lib/net452/UiPath.Terminal.IBM.dll",
        "lib/net452/UiPath.Terminal.dll",
        "lib/net452/UiPath.Terminal.dll.config",
        "lib/net452/fr/UiPath.Terminal.Activities.Design.resources.dll",
        "lib/net452/fr/UiPath.Terminal.Activities.resources.dll",
        "lib/net452/fr/UiPath.Terminal.IBM.resources.dll",
        "lib/net452/fr/UiPath.Terminal.resources.dll",
        "lib/net452/ja/UiPath.Terminal.Activities.Design.resources.dll",
        "lib/net452/ja/UiPath.Terminal.Activities.resources.dll",
        "lib/net452/ja/UiPath.Terminal.IBM.resources.dll",
        "lib/net452/ja/UiPath.Terminal.resources.dll",
        "lib/net452/ru/UiPath.Terminal.Activities.Design.resources.dll",
        "lib/net452/ru/UiPath.Terminal.Activities.resources.dll",
        "lib/net452/ru/UiPath.Terminal.IBM.resources.dll",
        "lib/net452/ru/UiPath.Terminal.resources.dll",
        "uipath.terminal.activities.1.3.1.nupkg.sha512",
        "uipath.terminal.activities.nuspec"
      ]
    },
    "UiPath.UIAutomation.Activities/19.5.0": {
      "sha512": "b754+Ok3MwLrydfukXXbRHtUFV1ZuliXzp7pIgujrpReIRtFTeKxLw2FBsb/Bum25iEl/l6JDoDFIX6n/tcXUQ==",
      "type": "package",
      "path": "uipath.uiautomation.activities/19.5.0",
      "files": [
        ".signature.p7s",
        "build/ActiproSoftware.DataGrid.Contrib.Wpf.dll",
        "build/ActiproSoftware.Docking.Wpf.dll",
        "build/ActiproSoftware.Editors.Wpf.dll",
        "build/ActiproSoftware.Ribbon.Wpf.dll",
        "build/ActiproSoftware.Shared.Wpf.dll",
        "build/ActiproSoftware.SyntaxEditor.Addons.DotNet.Wpf.dll",
        "build/ActiproSoftware.SyntaxEditor.Wpf.dll",
        "build/ActiproSoftware.Text.Addons.DotNet.Wpf.dll",
        "build/ActiproSoftware.Text.LLParser.Wpf.dll",
        "build/ActiproSoftware.Text.Wpf.dll",
        "build/ActiproSoftware.Wizard.Wpf.dll",
        "build/ICSharpCode.AvalonEdit.dll",
        "build/System.ValueTuple.dll",
        "build/UiExplorer.exe",
        "build/UiExplorer.exe.config",
        "build/UiPath.Activities.Contracts.dll",
        "build/UiPath.UIAutomation.Activities.Design.dll",
        "build/UiPath.UiAutomation.Activities.dll",
        "build/fr/UiExplorer.resources.dll",
        "build/fr/UiPath.UIAutomation.Activities.Design.resources.dll",
        "build/fr/UiPath.UiAutomation.Activities.resources.dll",
        "build/ja/UiExplorer.resources.dll",
        "build/ja/UiPath.UIAutomation.Activities.Design.resources.dll",
        "build/ja/UiPath.UiAutomation.Activities.resources.dll",
        "build/ru/UiExplorer.resources.dll",
        "build/ru/UiPath.UIAutomation.Activities.Design.resources.dll",
        "build/ru/UiPath.UiAutomation.Activities.resources.dll",
        "lib/net461/ActiproSoftware.DataGrid.Contrib.Wpf.dll",
        "lib/net461/ActiproSoftware.Docking.Wpf.dll",
        "lib/net461/ActiproSoftware.Editors.Wpf.dll",
        "lib/net461/ActiproSoftware.Ribbon.Wpf.dll",
        "lib/net461/ActiproSoftware.Shared.Wpf.dll",
        "lib/net461/ActiproSoftware.SyntaxEditor.Addons.DotNet.Wpf.dll",
        "lib/net461/ActiproSoftware.SyntaxEditor.Wpf.dll",
        "lib/net461/ActiproSoftware.Text.Addons.DotNet.Wpf.dll",
        "lib/net461/ActiproSoftware.Text.LLParser.Wpf.dll",
        "lib/net461/ActiproSoftware.Text.Wpf.dll",
        "lib/net461/ActiproSoftware.Wizard.Wpf.dll",
        "lib/net461/UiPath.UIAutomation.Activities.Design.dll",
        "lib/net461/UiPath.UiAutomation.Activities.dll",
        "lib/net461/UiPath.Wizards.dll",
        "lib/net461/fr/UiPath.UIAutomation.Activities.Design.resources.dll",
        "lib/net461/fr/UiPath.UiAutomation.Activities.resources.dll",
        "lib/net461/fr/UiPath.Wizards.resources.dll",
        "lib/net461/ja/UiPath.UIAutomation.Activities.Design.resources.dll",
        "lib/net461/ja/UiPath.UiAutomation.Activities.resources.dll",
        "lib/net461/ja/UiPath.Wizards.resources.dll",
        "lib/net461/ru/UiPath.UIAutomation.Activities.Design.resources.dll",
        "lib/net461/ru/UiPath.UiAutomation.Activities.resources.dll",
        "lib/net461/ru/UiPath.Wizards.resources.dll",
        "uipath.uiautomation.activities.19.5.0.nupkg.sha512",
        "uipath.uiautomation.activities.nuspec"
      ]
    },
    "UiPath.Vision/1.6.0": {
      "sha512": "xhccT7CoapdROO0tXzfuksyMg9pCQKU/3Xq4xU7S55zPITAiMWbW9f55qDITZY4QYvhM9k9hGNdu2Ivl3ppJ8A==",
      "type": "package",
      "path": "uipath.vision/1.6.0",
      "files": [
        ".signature.p7s",
        "build/AForge.Imaging.dll",
        "build/AForge.Math.dll",
        "build/AForge.dll",
        "build/AbbyyOnlineSdk.dll",
        "build/BouncyCastle.Crypto.dll",
        "build/Emgu.CV.World.dll",
        "build/Google.Api.CommonProtos.dll",
        "build/Google.Api.Gax.Grpc.dll",
        "build/Google.Api.Gax.dll",
        "build/Google.Apis.Auth.PlatformServices.dll",
        "build/Google.Apis.Auth.dll",
        "build/Google.Apis.Core.dll",
        "build/Google.Apis.PlatformServices.dll",
        "build/Google.Apis.dll",
        "build/Google.Cloud.Vision.V1.dll",
        "build/Google.LongRunning.dll",
        "build/Google.Protobuf.dll",
        "build/Grpc.Auth.dll",
        "build/Grpc.Core.dll",
        "build/Microsoft.Azure.CognitiveServices.Vision.ComputerVision.dll",
        "build/Microsoft.ProjectOxford.Vision.dll",
        "build/Microsoft.Rest.ClientRuntime.Azure.dll",
        "build/Microsoft.Rest.ClientRuntime.dll",
        "build/NLog.dll",
        "build/Newtonsoft.Json.dll",
        "build/System.Collections.Immutable.dll",
        "build/System.Interactive.Async.dll",
        "build/System.ValueTuple.dll",
        "build/UiPath.OCR.Contracts.dll",
        "build/UiPath.Vision.AbbyyCloud.dll",
        "build/UiPath.Vision.AbbyyFRE11.dll",
        "build/UiPath.Vision.AbbyyFRE12.dll",
        "build/UiPath.Vision.AbbyyFRECommon.dll",
        "build/UiPath.Vision.AzureComputerVision.dll",
        "build/UiPath.Vision.Core.dll",
        "build/UiPath.Vision.GoogleCloud.dll",
        "build/UiPath.Vision.Host32.exe",
        "build/UiPath.Vision.Host32.exe.config",
        "build/UiPath.Vision.Microsoft.dll",
        "build/UiPath.Vision.MicrosoftCloud.dll",
        "build/UiPath.Vision.Tesseract.dll",
        "build/UiPath.Vision.dll",
        "build/ZedGraph.dll",
        "build/Zlib.Portable.dll",
        "build/grpc_csharp_ext.x64.dll",
        "build/grpc_csharp_ext.x86.dll",
        "build/nlog.config",
        "build/tessdata/eng.traineddata",
        "build/x86/concrt140.dll",
        "build/x86/cvextern.dll",
        "build/x86/msvcp140.dll",
        "build/x86/opencv_ffmpeg341.dll",
        "build/x86/tbb.dll",
        "build/x86/vcruntime140.dll",
        "lib/net452/UiPath.Vision.AbbyyCloud.dll",
        "lib/net452/UiPath.Vision.AbbyyFRE11.dll",
        "lib/net452/UiPath.Vision.AbbyyFRE12.dll",
        "lib/net452/UiPath.Vision.AbbyyFRECommon.dll",
        "lib/net452/UiPath.Vision.AzureComputerVision.dll",
        "lib/net452/UiPath.Vision.Core.dll",
        "lib/net452/UiPath.Vision.GoogleCloud.dll",
        "lib/net452/UiPath.Vision.Host32.exe",
        "lib/net452/UiPath.Vision.Microsoft.dll",
        "lib/net452/UiPath.Vision.MicrosoftCloud.dll",
        "lib/net452/UiPath.Vision.Tesseract.dll",
        "lib/net452/UiPath.Vision.dll",
        "uipath.vision.1.6.0.nupkg.sha512",
        "uipath.vision.nuspec"
      ]
    },
    "UiPath.WebAPI.Activities/1.4.1": {
      "sha512": "mPtdmxp78ckEtga9g9c5ifTIOzT7Uc7xcPsOcKltnl9lLqpeWO8xFj2pJ3ugNKBoYyUxoM2fgdIlzxLx4GR90A==",
      "type": "package",
      "path": "uipath.webapi.activities/1.4.1",
      "files": [
        ".signature.p7s",
        "lib/net452/UiPath.Web.Activities.Design.dll",
        "lib/net452/UiPath.Web.Activities.dll",
        "lib/net452/UiPath.Web.dll",
        "lib/net452/fr/UiPath.Web.Activities.Design.resources.dll",
        "lib/net452/fr/UiPath.Web.Activities.resources.dll",
        "lib/net452/fr/UiPath.Web.resources.dll",
        "lib/net452/ja/UiPath.Web.Activities.Design.resources.dll",
        "lib/net452/ja/UiPath.Web.Activities.resources.dll",
        "lib/net452/ja/UiPath.Web.resources.dll",
        "lib/net452/ru/UiPath.Web.Activities.Design.resources.dll",
        "lib/net452/ru/UiPath.Web.Activities.resources.dll",
        "lib/net452/ru/UiPath.Web.resources.dll",
        "uipath.webapi.activities.1.4.1.nupkg.sha512",
        "uipath.webapi.activities.nuspec"
      ]
    },
    "UiPath.Word.Activities/1.3.1": {
      "sha512": "P9SogiFIB19nTo8F4060NBqOtpSHCVAZ2CM6X/zvEI4hCbLnaJsoonhwwiCG2F6FwYawxHTjiBL4xHrbgUwbAQ==",
      "type": "package",
      "path": "uipath.word.activities/1.3.1",
      "files": [
        ".signature.p7s",
        "lib/net452/UiPath.Word.Activities.Design.dll",
        "lib/net452/UiPath.Word.Activities.dll",
        "lib/net452/UiPath.Word.dll",
        "lib/net452/fr/UiPath.Word.Activities.Design.resources.dll",
        "lib/net452/fr/UiPath.Word.Activities.resources.dll",
        "lib/net452/fr/UiPath.Word.resources.dll",
        "lib/net452/ja/UiPath.Word.Activities.Design.resources.dll",
        "lib/net452/ja/UiPath.Word.Activities.resources.dll",
        "lib/net452/ja/UiPath.Word.resources.dll",
        "lib/net452/ru/UiPath.Word.Activities.Design.resources.dll",
        "lib/net452/ru/UiPath.Word.Activities.resources.dll",
        "lib/net452/ru/UiPath.Word.resources.dll",
        "uipath.word.activities.1.3.1.nupkg.sha512",
        "uipath.word.activities.nuspec"
      ]
    }
  },
  "projectFileDependencyGroups": {
    "": [],
    ".NETFramework,Version=v4.6.1": [
      "Microsoft.Activities >= 1.0.1 <= 1.0.1",
      "Microsoft.Activities.Extensions >= 2.0.6.9 <= 2.0.6.9",
      "Twilio.Workflow.Activities >= 1.0.0 <= 1.0.0",
      "UiPath.Cognitive.Activities >= 2.2.1 <= 2.2.1",
      "UiPath.Credentials.Activities >= 1.1.6479.13204 <= 1.1.6479.13204",
      "UiPath.Database.Activities >= 1.2.6863.32528 <= 1.2.6863.32528",
      "UiPath.Excel.Activities >= 2.6.1 <= 2.6.1",
      "UiPath.FTP.Activities >= 1.0.7053.27728 <= 1.0.7053.27728",
      "UiPath.Mail.Activities >= 1.5.0 <= 1.5.0",
      "UiPath.OCR.Activities >= 1.0.5714.22559 <= 1.0.5714.22559",
      "UiPath.PDF.Activities >= 2.0.0 <= 2.0.0",
      "UiPath.Script.Activities >= 1.0.6710.16240 <= 1.0.6710.16240",
      "UiPath.System.Activities >= 19.5.0 <= 19.5.0",
      "UiPath.Terminal.Activities >= 1.3.1 <= 1.3.1",
      "UiPath.UIAutomation.Activities >= 19.5.0 <= 19.5.0",
      "UiPath.WebAPI.Activities >= 1.4.1 <= 1.4.1",
      "UiPath.Word.Activities >= 1.3.1 <= 1.3.1"
    ]
  },
  "packageFolders": {
    "C:\\Users\\PetrusLundgren\\.nuget\\packages\\": {}
  },
  "project": {
    "restore": {
      "projectUniqueName": "InHouse_Process4_Performer",
      "projectName": "InHouse_Process4_Performer",
      "projectPath": "C:\\Users\\PetrusLundgren\\Documents\\UiPath\\Process 4 - Generate Yearly Report\\Performer\\.local",
      "packagesPath": "C:\\Users\\PetrusLundgren\\.nuget\\packages\\",
      "outputPath": "C:\\Users\\PetrusLundgren\\Documents\\UiPath\\Process 4 - Generate Yearly Report\\Performer\\.local"
    },
    "frameworks": {
      "net461": {
        "dependencies": {
          "Microsoft.Activities": {
            "include": "Runtime",
            "target": "Package",
            "version": "[1.0.1, 1.0.1]"
          },
          "Microsoft.Activities.Extensions": {
            "include": "Runtime",
            "target": "Package",
            "version": "[2.0.6.9, 2.0.6.9]"
          },
          "Twilio.Workflow.Activities": {
            "include": "Runtime",
            "target": "Package",
            "version": "[1.0.0, 1.0.0]"
          },
          "UiPath.Cognitive.Activities": {
            "include": "Runtime",
            "target": "Package",
            "version": "[2.2.1, 2.2.1]"
          },
          "UiPath.Credentials.Activities": {
            "include": "Runtime",
            "target": "Package",
            "version": "[1.1.6479.13204, 1.1.6479.13204]"
          },
          "UiPath.Database.Activities": {
            "include": "Runtime",
            "target": "Package",
            "version": "[1.2.6863.32528, 1.2.6863.32528]"
          },
          "UiPath.Excel.Activities": {
            "include": "Runtime",
            "target": "Package",
            "version": "[2.6.1, 2.6.1]"
          },
          "UiPath.FTP.Activities": {
            "include": "Runtime",
            "target": "Package",
            "version": "[1.0.7053.27728, 1.0.7053.27728]"
          },
          "UiPath.Mail.Activities": {
            "include": "Runtime",
            "target": "Package",
            "version": "[1.5.0, 1.5.0]"
          },
          "UiPath.OCR.Activities": {
            "include": "Runtime",
            "target": "Package",
            "version": "[1.0.5714.22559, 1.0.5714.22559]"
          },
          "UiPath.PDF.Activities": {
            "include": "Runtime",
            "target": "Package",
            "version": "[2.0.0, 2.0.0]"
          },
          "UiPath.Script.Activities": {
            "include": "Runtime",
            "target": "Package",
            "version": "[1.0.6710.16240, 1.0.6710.16240]"
          },
          "UiPath.System.Activities": {
            "include": "Runtime",
            "target": "Package",
            "version": "[19.5.0, 19.5.0]"
          },
          "UiPath.Terminal.Activities": {
            "include": "Runtime",
            "target": "Package",
            "version": "[1.3.1, 1.3.1]"
          },
          "UiPath.UIAutomation.Activities": {
            "include": "Runtime",
            "target": "Package",
            "version": "[19.5.0, 19.5.0]"
          },
          "UiPath.WebAPI.Activities": {
            "include": "Runtime",
            "target": "Package",
            "version": "[1.4.1, 1.4.1]"
          },
          "UiPath.Word.Activities": {
            "include": "Runtime",
            "target": "Package",
            "version": "[1.3.1, 1.3.1]"
          }
        }
      }
    }
  },
  "logs": [
    {
      "code": "NU1602",
      "level": "Warning",
      "warningLevel": 1,
      "message": "Twilio 3.6.18 does not provide an inclusive lower bound for dependency RestSharp. An approximate best match of RestSharp 100.3.0 was resolved.",
      "libraryId": "RestSharp",
      "targetGraphs": [
        ".NETFramework,Version=v4.6.1"
      ]
    }
  ]
}