{"Packages":[{"Package":{"Id":"Microsoft.Activities","Version":"1.0.1"},"Assemblies":["C:\\Users\\PetrusLundgren\\.nuget\\packages\\microsoft.activities/1.0.1\\lib/net45/Microsoft.Activities.Design.Services.dll","C:\\Users\\PetrusLundgren\\.nuget\\packages\\microsoft.activities/1.0.1\\lib/net45/Microsoft.Activities.Design.dll","C:\\Users\\PetrusLundgren\\.nuget\\packages\\microsoft.activities/1.0.1\\lib/net45/Microsoft.Activities.dll","C:\\Users\\PetrusLundgren\\.nuget\\packages\\microsoft.activities/1.0.1\\lib/net45/Microsoft.Workflow.Client.dll","C:\\Users\\PetrusLundgren\\.nuget\\packages\\microsoft.activities/1.0.1\\lib/net45/Microsoft.Workflow.Common.dll","C:\\Users\\PetrusLundgren\\.nuget\\packages\\microsoft.activities/1.0.1\\lib/net45/Microsoft.Workflow.Tracing.dll"]},{"Package":{"Id":"Microsoft.Activities.Extensions","Version":"2.0.6.9"},"Assemblies":["C:\\Users\\PetrusLundgren\\.nuget\\packages\\microsoft.activities.extensions/2.0.6.9\\lib/Net45/Microsoft.Activities.Extensions.Design.dll","C:\\Users\\PetrusLundgren\\.nuget\\packages\\microsoft.activities.extensions/2.0.6.9\\lib/Net45/Microsoft.Activities.Extensions.dll"]},{"Package":{"Id":"Twilio.Workflow.Activities","Version":"1.0.0"},"Assemblies":["C:\\Users\\PetrusLundgren\\.nuget\\packages\\restsharp/106.3.1\\lib/net452/RestSharp.dll","C:\\Users\\PetrusLundgren\\.nuget\\packages\\twilio/3.6.18\\lib/3.5/Twilio.Api.dll","C:\\Users\\PetrusLundgren\\.nuget\\packages\\twilio.workflow.activities/1.0.0\\lib/net40-Client/Twilio.Workflow.Activities.dll"]},{"Package":{"Id":"UiPath.OCR.Activities","Version":"1.0.5714.22559"},"Assemblies":["C:\\Users\\PetrusLundgren\\.nuget\\packages\\uipath.ocr.activities/1.0.5714.22559\\lib/net40-Client/AbbyyOnlineSdk.dll","C:\\Users\\PetrusLundgren\\.nuget\\packages\\uipath.ocr.activities/1.0.5714.22559\\lib/net40-Client/UiPath.OCR.Activities.dll"]},{"Package":{"Id":"UiPath.Cognitive.Activities","Version":"2.2.1"},"Assemblies":["C:\\Users\\PetrusLundgren\\.nuget\\packages\\newtonsoft.json/11.0.2\\lib/net45/Newtonsoft.Json.dll","C:\\Users\\PetrusLundgren\\.nuget\\packages\\uipath.cognitive.activities/2.2.1\\lib/net452/UiPath.Cognitive.Activities.Design.dll","C:\\Users\\PetrusLundgren\\.nuget\\packages\\uipath.cognitive.activities/2.2.1\\lib/net452/UiPath.Cognitive.Activities.dll","C:\\Users\\PetrusLundgren\\.nuget\\packages\\uipath.cognitive.activities/2.2.1\\lib/net452/UiPath.Cognitive.dll"]},{"Package":{"Id":"UiPath.Credentials.Activities","Version":"1.1.6479.13204"},"Assemblies":["C:\\Users\\PetrusLundgren\\.nuget\\packages\\credentialmanagement/1.0.2\\lib/net35/CredentialManagement.dll","C:\\Users\\PetrusLundgren\\.nuget\\packages\\uipath.credentials.activities/1.1.6479.13204\\lib/net40-client/UiPath.Credentials.Activities.dll"]},{"Package":{"Id":"UiPath.Database.Activities","Version":"1.2.6863.32528"},"Assemblies":["C:\\Users\\PetrusLundgren\\.nuget\\packages\\uipath.database.activities/1.2.6863.32528\\lib/net40-Client/Microsoft.Data.ConnectionUI.Dialog.dll","C:\\Users\\PetrusLundgren\\.nuget\\packages\\uipath.database.activities/1.2.6863.32528\\lib/net40-Client/UiPath.Database.Activities.Design.dll","C:\\Users\\PetrusLundgren\\.nuget\\packages\\uipath.database.activities/1.2.6863.32528\\lib/net40-Client/UiPath.Database.Activities.dll","C:\\Users\\PetrusLundgren\\.nuget\\packages\\uipath.database.activities/1.2.6863.32528\\lib/net40-Client/UiPath.Database.dll"]},{"Package":{"Id":"UiPath.Excel.Activities","Version":"2.6.1"},"Assemblies":["C:\\Users\\PetrusLundgren\\.nuget\\packages\\closedxml/0.87.1\\lib/net40/ClosedXML.dll","C:\\Users\\PetrusLundgren\\.nuget\\packages\\csvhelper/2.13.5\\lib/net40-client/CsvHelper.dll","C:\\Users\\PetrusLundgren\\.nuget\\packages\\documentformat.openxml/2.5.0\\lib/DocumentFormat.OpenXml.dll","C:\\Users\\PetrusLundgren\\.nuget\\packages\\microsoft.visualstudio.ole.interop/7.10.6071\\lib/Microsoft.VisualStudio.OLE.Interop.dll","C:\\Users\\PetrusLundgren\\.nuget\\packages\\npoi/2.4.1\\lib/net45/NPOI.OOXML.dll","C:\\Users\\PetrusLundgren\\.nuget\\packages\\npoi/2.4.1\\lib/net45/NPOI.OpenXml4Net.dll","C:\\Users\\PetrusLundgren\\.nuget\\packages\\npoi/2.4.1\\lib/net45/NPOI.OpenXmlFormats.dll","C:\\Users\\PetrusLundgren\\.nuget\\packages\\npoi/2.4.1\\lib/net45/NPOI.dll","C:\\Users\\PetrusLundgren\\.nuget\\packages\\sharpziplib/1.0.0\\lib/net45/ICSharpCode.SharpZipLib.dll","C:\\Users\\PetrusLundgren\\.nuget\\packages\\uipath.excel.activities/2.6.1\\lib/net461/UiPath.Excel.Activities.Design.dll","C:\\Users\\PetrusLundgren\\.nuget\\packages\\uipath.excel.activities/2.6.1\\lib/net461/UiPath.Excel.Activities.dll","C:\\Users\\PetrusLundgren\\.nuget\\packages\\uipath.excel.activities/2.6.1\\lib/net461/UiPath.Excel.dll"]},{"Package":{"Id":"UiPath.FTP.Activities","Version":"1.0.7053.27728"},"Assemblies":["C:\\Users\\PetrusLundgren\\.nuget\\packages\\fluentftp/19.1.2\\lib/net45/FluentFTP.dll","C:\\Users\\PetrusLundgren\\.nuget\\packages\\ssh.net/2016.1.0\\lib/net40/Renci.SshNet.dll","C:\\Users\\PetrusLundgren\\.nuget\\packages\\uipath.ftp.activities/1.0.7053.27728\\lib/net452/UiPath.FTP.Activities.Design.dll","C:\\Users\\PetrusLundgren\\.nuget\\packages\\uipath.ftp.activities/1.0.7053.27728\\lib/net452/UiPath.FTP.Activities.dll","C:\\Users\\PetrusLundgren\\.nuget\\packages\\uipath.ftp.activities/1.0.7053.27728\\lib/net452/UiPath.FTP.dll"]},{"Package":{"Id":"UiPath.Mail.Activities","Version":"1.5.0"},"Assemblies":["C:\\Users\\PetrusLundgren\\.nuget\\packages\\bouncycastle/1.8.1\\lib/BouncyCastle.Crypto.dll","C:\\Users\\PetrusLundgren\\.nuget\\packages\\interop.domino.dll/1.0.0\\lib/Interop.Domino.dll","C:\\Users\\PetrusLundgren\\.nuget\\packages\\microsoft.exchange.webservices/2.2.0\\lib/40/Microsoft.Exchange.WebServices.Auth.dll","C:\\Users\\PetrusLundgren\\.nuget\\packages\\microsoft.exchange.webservices/2.2.0\\lib/40/Microsoft.Exchange.WebServices.dll","C:\\Users\\PetrusLundgren\\.nuget\\packages\\uipath.mail.activities/1.5.0\\lib/net452/MailKit.dll","C:\\Users\\PetrusLundgren\\.nuget\\packages\\uipath.mail.activities/1.5.0\\lib/net452/MimeKit.dll","C:\\Users\\PetrusLundgren\\.nuget\\packages\\uipath.mail.activities/1.5.0\\lib/net452/UiPath.Mail.Activities.Design.dll","C:\\Users\\PetrusLundgren\\.nuget\\packages\\uipath.mail.activities/1.5.0\\lib/net452/UiPath.Mail.Activities.dll","C:\\Users\\PetrusLundgren\\.nuget\\packages\\uipath.mail.activities/1.5.0\\lib/net452/UiPath.Mail.dll"]},{"Package":{"Id":"UiPath.PDF.Activities","Version":"2.0.0"},"Assemblies":["C:\\Users\\PetrusLundgren\\.nuget\\packages\\bitmiracle.docotic.pdf/5.2.8369\\lib/net40/BitMiracle.Docotic.Pdf.dll","C:\\Users\\PetrusLundgren\\.nuget\\packages\\system.valuetuple/4.5.0\\lib/net461/System.ValueTuple.dll","C:\\Users\\PetrusLundgren\\.nuget\\packages\\uipath.pdf.activities/2.0.0\\lib/net461/UiPath.PDF.Activities.Design.dll","C:\\Users\\PetrusLundgren\\.nuget\\packages\\uipath.pdf.activities/2.0.0\\lib/net461/UiPath.PDF.Activities.dll","C:\\Users\\PetrusLundgren\\.nuget\\packages\\uipath.pdf.activities/2.0.0\\lib/net461/UiPath.PDF.dll"]},{"Package":{"Id":"UiPath.System.Activities","Version":"19.5.0"},"Assemblies":["C:\\Users\\PetrusLundgren\\.nuget\\packages\\csvhelper/2.13.5\\lib/net40-client/CsvHelper.dll","C:\\Users\\PetrusLundgren\\.nuget\\packages\\microsoft.aspnet.signalr.client/2.4.0\\lib/net45/Microsoft.AspNet.SignalR.Client.dll","C:\\Users\\PetrusLundgren\\.nuget\\packages\\microsoft.rest.clientruntime/2.3.10\\lib/net452/Microsoft.Rest.ClientRuntime.dll","C:\\Users\\PetrusLundgren\\.nuget\\packages\\newtonsoft.json/11.0.2\\lib/net45/Newtonsoft.Json.dll","C:\\Users\\PetrusLundgren\\.nuget\\packages\\uipath.system.activities/19.5.0\\lib/net461/ActiproSoftware.Docking.Wpf.dll","C:\\Users\\PetrusLundgren\\.nuget\\packages\\uipath.system.activities/19.5.0\\lib/net461/ActiproSoftware.Ribbon.Wpf.dll","C:\\Users\\PetrusLundgren\\.nuget\\packages\\uipath.system.activities/19.5.0\\lib/net461/ActiproSoftware.Shared.Wpf.dll","C:\\Users\\PetrusLundgren\\.nuget\\packages\\uipath.system.activities/19.5.0\\lib/net461/ActiproSoftware.SyntaxEditor.Addons.DotNet.Wpf.dll","C:\\Users\\PetrusLundgren\\.nuget\\packages\\uipath.system.activities/19.5.0\\lib/net461/ActiproSoftware.SyntaxEditor.Wpf.dll","C:\\Users\\PetrusLundgren\\.nuget\\packages\\uipath.system.activities/19.5.0\\lib/net461/ActiproSoftware.Text.Addons.DotNet.Wpf.dll","C:\\Users\\PetrusLundgren\\.nuget\\packages\\uipath.system.activities/19.5.0\\lib/net461/ActiproSoftware.Text.LLParser.Wpf.dll","C:\\Users\\PetrusLundgren\\.nuget\\packages\\uipath.system.activities/19.5.0\\lib/net461/ActiproSoftware.Text.Wpf.dll","C:\\Users\\PetrusLundgren\\.nuget\\packages\\uipath.system.activities/19.5.0\\lib/net461/ActiproSoftware.Wizard.Wpf.dll","C:\\Users\\PetrusLundgren\\.nuget\\packages\\uipath.system.activities/19.5.0\\lib/net461/UiPath.OrchestratorClient.dll","C:\\Users\\PetrusLundgren\\.nuget\\packages\\uipath.system.activities/19.5.0\\lib/net461/UiPath.System.Activities.Design.dll","C:\\Users\\PetrusLundgren\\.nuget\\packages\\uipath.system.activities/19.5.0\\lib/net461/UiPath.System.Activities.dll"]},{"Package":{"Id":"UiPath.Script.Activities","Version":"1.0.6710.16240"},"Assemblies":["C:\\Users\\PetrusLundgren\\.nuget\\packages\\system.management.automation/6.1.7601.17515\\lib/net45/System.Management.Automation.dll","C:\\Users\\PetrusLundgren\\.nuget\\packages\\uipath.script.activities/1.0.6710.16240\\lib/net45/AutoHotkey.Interop.dll","C:\\Users\\PetrusLundgren\\.nuget\\packages\\uipath.script.activities/1.0.6710.16240\\lib/net45/UiPath.Script.Activities.Design.dll","C:\\Users\\PetrusLundgren\\.nuget\\packages\\uipath.script.activities/1.0.6710.16240\\lib/net45/UiPath.Script.Activities.dll","C:\\Users\\PetrusLundgren\\.nuget\\packages\\uipath.script.activities/1.0.6710.16240\\lib/net45/UiPath.Script.dll"]},{"Package":{"Id":"UiPath.Terminal.Activities","Version":"1.3.1"},"Assemblies":["C:\\Users\\PetrusLundgren\\.nuget\\packages\\fluent.ribbon/3.5.1.198\\lib/net45/Fluent.dll","C:\\Users\\PetrusLundgren\\.nuget\\packages\\fluent.ribbon/3.5.1.198\\lib/net45/System.Windows.Interactivity.dll","C:\\Users\\PetrusLundgren\\.nuget\\packages\\uipath.terminal.activities/1.3.1\\lib/net452/NLog.dll","C:\\Users\\PetrusLundgren\\.nuget\\packages\\uipath.terminal.activities/1.3.1\\lib/net452/Open3270.dll","C:\\Users\\PetrusLundgren\\.nuget\\packages\\uipath.terminal.activities/1.3.1\\lib/net452/UiPath.Terminal.Activities.Design.dll","C:\\Users\\PetrusLundgren\\.nuget\\packages\\uipath.terminal.activities/1.3.1\\lib/net452/UiPath.Terminal.Activities.dll","C:\\Users\\PetrusLundgren\\.nuget\\packages\\uipath.terminal.activities/1.3.1\\lib/net452/UiPath.Terminal.Attachmate.dll","C:\\Users\\PetrusLundgren\\.nuget\\packages\\uipath.terminal.activities/1.3.1\\lib/net452/UiPath.Terminal.AttachmateExtra.dll","C:\\Users\\PetrusLundgren\\.nuget\\packages\\uipath.terminal.activities/1.3.1\\lib/net452/UiPath.Terminal.BlueZone.dll","C:\\Users\\PetrusLundgren\\.nuget\\packages\\uipath.terminal.activities/1.3.1\\lib/net452/UiPath.Terminal.IBM.dll","C:\\Users\\PetrusLundgren\\.nuget\\packages\\uipath.terminal.activities/1.3.1\\lib/net452/UiPath.Terminal.dll"]},{"Package":{"Id":"UiPath.UIAutomation.Activities","Version":"19.5.0"},"Assemblies":["C:\\Users\\PetrusLundgren\\.nuget\\packages\\avalonedit/5.0.3\\lib/Net40/ICSharpCode.AvalonEdit.dll","C:\\Users\\PetrusLundgren\\.nuget\\packages\\extended.wpf.toolkit/2.8.0\\lib/net40/Xceed.Wpf.AvalonDock.Themes.Aero.dll","C:\\Users\\PetrusLundgren\\.nuget\\packages\\extended.wpf.toolkit/2.8.0\\lib/net40/Xceed.Wpf.AvalonDock.Themes.Metro.dll","C:\\Users\\PetrusLundgren\\.nuget\\packages\\extended.wpf.toolkit/2.8.0\\lib/net40/Xceed.Wpf.AvalonDock.Themes.VS2010.dll","C:\\Users\\PetrusLundgren\\.nuget\\packages\\extended.wpf.toolkit/2.8.0\\lib/net40/Xceed.Wpf.AvalonDock.dll","C:\\Users\\PetrusLundgren\\.nuget\\packages\\extended.wpf.toolkit/2.8.0\\lib/net40/Xceed.Wpf.DataGrid.dll","C:\\Users\\PetrusLundgren\\.nuget\\packages\\extended.wpf.toolkit/2.8.0\\lib/net40/Xceed.Wpf.Toolkit.dll","C:\\Users\\PetrusLundgren\\.nuget\\packages\\humanizer.core/2.4.2\\lib/netstandard2.0/Humanizer.dll","C:\\Users\\PetrusLundgren\\.nuget\\packages\\uipath/19.5.7079.28746\\lib/UiPath.Interop.dll","C:\\Users\\PetrusLundgren\\.nuget\\packages\\uipath.ocr.contracts/1.0.0\\lib/net45/UiPath.OCR.Contracts.dll","C:\\Users\\PetrusLundgren\\.nuget\\packages\\uipath.uiautomation.activities/19.5.0\\lib/net461/ActiproSoftware.DataGrid.Contrib.Wpf.dll","C:\\Users\\PetrusLundgren\\.nuget\\packages\\uipath.uiautomation.activities/19.5.0\\lib/net461/ActiproSoftware.Docking.Wpf.dll","C:\\Users\\PetrusLundgren\\.nuget\\packages\\uipath.uiautomation.activities/19.5.0\\lib/net461/ActiproSoftware.Editors.Wpf.dll","C:\\Users\\PetrusLundgren\\.nuget\\packages\\uipath.uiautomation.activities/19.5.0\\lib/net461/ActiproSoftware.Ribbon.Wpf.dll","C:\\Users\\PetrusLundgren\\.nuget\\packages\\uipath.uiautomation.activities/19.5.0\\lib/net461/ActiproSoftware.Shared.Wpf.dll","C:\\Users\\PetrusLundgren\\.nuget\\packages\\uipath.uiautomation.activities/19.5.0\\lib/net461/ActiproSoftware.SyntaxEditor.Addons.DotNet.Wpf.dll","C:\\Users\\PetrusLundgren\\.nuget\\packages\\uipath.uiautomation.activities/19.5.0\\lib/net461/ActiproSoftware.SyntaxEditor.Wpf.dll","C:\\Users\\PetrusLundgren\\.nuget\\packages\\uipath.uiautomation.activities/19.5.0\\lib/net461/ActiproSoftware.Text.Addons.DotNet.Wpf.dll","C:\\Users\\PetrusLundgren\\.nuget\\packages\\uipath.uiautomation.activities/19.5.0\\lib/net461/ActiproSoftware.Text.LLParser.Wpf.dll","C:\\Users\\PetrusLundgren\\.nuget\\packages\\uipath.uiautomation.activities/19.5.0\\lib/net461/ActiproSoftware.Text.Wpf.dll","C:\\Users\\PetrusLundgren\\.nuget\\packages\\uipath.uiautomation.activities/19.5.0\\lib/net461/ActiproSoftware.Wizard.Wpf.dll","C:\\Users\\PetrusLundgren\\.nuget\\packages\\uipath.uiautomation.activities/19.5.0\\lib/net461/UiPath.UIAutomation.Activities.Design.dll","C:\\Users\\PetrusLundgren\\.nuget\\packages\\uipath.uiautomation.activities/19.5.0\\lib/net461/UiPath.UiAutomation.Activities.dll","C:\\Users\\PetrusLundgren\\.nuget\\packages\\uipath.uiautomation.activities/19.5.0\\lib/net461/UiPath.Wizards.dll","C:\\Users\\PetrusLundgren\\.nuget\\packages\\uipath.vision/1.6.0\\lib/net452/UiPath.Vision.AbbyyCloud.dll","C:\\Users\\PetrusLundgren\\.nuget\\packages\\uipath.vision/1.6.0\\lib/net452/UiPath.Vision.AbbyyFRE11.dll","C:\\Users\\PetrusLundgren\\.nuget\\packages\\uipath.vision/1.6.0\\lib/net452/UiPath.Vision.AbbyyFRE12.dll","C:\\Users\\PetrusLundgren\\.nuget\\packages\\uipath.vision/1.6.0\\lib/net452/UiPath.Vision.AbbyyFRECommon.dll","C:\\Users\\PetrusLundgren\\.nuget\\packages\\uipath.vision/1.6.0\\lib/net452/UiPath.Vision.AzureComputerVision.dll","C:\\Users\\PetrusLundgren\\.nuget\\packages\\uipath.vision/1.6.0\\lib/net452/UiPath.Vision.Core.dll","C:\\Users\\PetrusLundgren\\.nuget\\packages\\uipath.vision/1.6.0\\lib/net452/UiPath.Vision.GoogleCloud.dll","C:\\Users\\PetrusLundgren\\.nuget\\packages\\uipath.vision/1.6.0\\lib/net452/UiPath.Vision.Microsoft.dll","C:\\Users\\PetrusLundgren\\.nuget\\packages\\uipath.vision/1.6.0\\lib/net452/UiPath.Vision.MicrosoftCloud.dll","C:\\Users\\PetrusLundgren\\.nuget\\packages\\uipath.vision/1.6.0\\lib/net452/UiPath.Vision.Tesseract.dll","C:\\Users\\PetrusLundgren\\.nuget\\packages\\uipath.vision/1.6.0\\lib/net452/UiPath.Vision.dll"]},{"Package":{"Id":"UiPath.WebAPI.Activities","Version":"1.4.1"},"Assemblies":["C:\\Users\\PetrusLundgren\\.nuget\\packages\\avalonedit/5.0.3\\lib/Net40/ICSharpCode.AvalonEdit.dll","C:\\Users\\PetrusLundgren\\.nuget\\packages\\newtonsoft.json/11.0.2\\lib/net45/Newtonsoft.Json.dll","C:\\Users\\PetrusLundgren\\.nuget\\packages\\restsharp/106.3.1\\lib/net452/RestSharp.dll","C:\\Users\\PetrusLundgren\\.nuget\\packages\\uipath.webapi.activities/1.4.1\\lib/net452/UiPath.Web.Activities.Design.dll","C:\\Users\\PetrusLundgren\\.nuget\\packages\\uipath.webapi.activities/1.4.1\\lib/net452/UiPath.Web.Activities.dll","C:\\Users\\PetrusLundgren\\.nuget\\packages\\uipath.webapi.activities/1.4.1\\lib/net452/UiPath.Web.dll"]},{"Package":{"Id":"UiPath.Word.Activities","Version":"1.3.1"},"Assemblies":["C:\\Users\\PetrusLundgren\\.nuget\\packages\\docx/1.0.0.18\\lib/net40/DocX.dll","C:\\Users\\PetrusLundgren\\.nuget\\packages\\uipath.word.activities/1.3.1\\lib/net452/UiPath.Word.Activities.Design.dll","C:\\Users\\PetrusLundgren\\.nuget\\packages\\uipath.word.activities/1.3.1\\lib/net452/UiPath.Word.Activities.dll","C:\\Users\\PetrusLundgren\\.nuget\\packages\\uipath.word.activities/1.3.1\\lib/net452/UiPath.Word.dll"]}],"Conflicts":[]}